,0,1,going 0,going 1,going 2,going 3,going 4,going 5,going 6,going 7,going 8,going 9,going 10,going 11,going 12,going 13,going 14,going 15,going 16,going 17,going 18,going 19,going 20,going 21,going 22,going 23,going 24
1,36.73,38.35,5,4,4,7,4,3,5,4,6,4,1,4,6,3,4,5,3,1,4,2,4,4,2,5,3
2,23.09,10.35,5,3,3,7,4,4,5,3,3,7,3,7,6,6,5,1,5,3,4,6,2,5,4,1,3
3,19.99,66.95,3,6,7,3,4,6,3,5,4,5,4,5,6,5,5,3,4,7,4,3,3,5,3,2,6
4,24.95,48.18,5,6,3,3,4,3,1,3,5,5,5,4,3,5,5,1,7,4,4,6,4,8,6,5,3
5,10.88,60.19,4,5,4,4,5,3,5,3,3,3,6,3,1,2,5,3,3,6,3,5,7,5,4,6,5
6,18.02,35.91,5,4,6,3,5,4,7,5,6,5,5,6,5,3,3,3,2,6,4,6,4,4,6,5,5
7,46.66,52.47,5,7,5,5,1,3,7,6,3,3,3,7,6,5,2,4,2,1,7,5,6,3,5,6,4
8,36.74,42.75,5,4,7,1,7,5,4,7,5,5,6,4,3,3,1,5,5,5,2,5,3,5,4,3,6
9,12.95,59.56,1,1,3,2,1,5,3,5,5,2,4,4,6,7,8,5,4,3,3,4,5,6,4,5,7
10,21.2,58.95,3,3,4,4,0,7,2,5,3,5,8,3,6,3,2,4,2,5,8,6,3,4,3,4,3
11,40.97,45.14,3,4,2,3,6,7,4,6,2,6,4,3,1,5,5,5,2,4,4,2,4,5,4,7,4
12,16.44,23.61,4,3,2,5,2,7,6,1,1,3,4,4,2,1,2,4,6,4,4,5,5,6,4,2,4
13,26.98,20.76,3,3,6,5,1,5,3,1,2,5,6,4,2,5,1,2,6,3,6,4,3,7,4,5,4
14,28.71,42.64,5,7,6,5,4,6,2,1,7,3,4,6,2,6,3,1,4,6,7,4,4,6,2,4,8
15,30.46,53.04,3,5,5,5,6,6,6,3,2,5,3,3,5,1,3,5,3,8,5,4,4,3,6,3,3
16,24.2,41.64,3,7,3,5,5,2,5,0,6,6,6,2,6,3,2,7,4,4,5,2,5,4,3,4,5
17,34.89,43.31,2,6,4,6,4,5,1,1,6,5,3,6,4,6,3,2,2,4,6,4,5,5,3,4,5
18,30.47,33.45,4,4,4,5,3,4,4,6,2,5,2,4,7,3,6,4,5,4,5,3,4,5,5,6,6
19,11.87,28.26,5,4,6,6,4,4,2,6,2,6,3,6,4,3,6,4,2,4,6,3,6,3,4,1,3
20,36.56,38.39,5,2,6,5,4,7,6,6,4,3,3,4,4,2,3,2,4,6,4,3,3,5,5,6,5
21,33.15,36.35,5,3,5,3,4,3,3,3,3,6,4,3,5,6,3,3,2,4,1,5,4,4,4,4,3
22,21.5,45.2,4,5,7,4,4,5,0,3,3,7,5,3,8,5,5,4,4,1,7,5,3,4,3,4,3
23,6.61,40.93,4,4,0,5,3,4,7,4,4,4,3,1,5,5,5,3,4,7,6,3,3,5,4,4,3
24,30.81,23.87,3,2,6,8,1,4,6,2,3,3,7,6,4,4,1,4,6,5,3,7,6,2,2,6,2
25,31.42,14.98,4,2,6,2,6,4,7,4,2,6,3,3,7,2,5,4,3,3,3,2,4,7,4,4,5
26,33.5,42.54,4,3,3,0,5,9,5,4,5,3,3,5,5,4,4,5,2,5,3,5,5,6,3,5,4
27,21.66,46.77,3,6,2,6,4,2,4,4,5,4,8,6,3,5,4,4,3,5,4,6,5,5,6,6,3
28,26.54,70.2,5,2,5,5,2,4,3,4,3,4,6,5,8,3,5,3,5,3,5,3,6,1,3,2,6
29,21.92,56.82,3,5,4,5,5,5,5,5,2,4,5,2,5,5,3,4,5,4,3,2,2,5,5,1,4
30,28.81,60.09,5,3,4,3,1,5,4,6,1,6,3,2,3,2,3,6,6,5,4,4,4,5,4,3,3
31,34.88,37.78,3,3,3,8,3,4,4,7,8,4,0,8,6,4,3,4,7,6,4,3,3,3,2,7,4
32,22.27,35.44,7,3,3,3,5,5,4,3,8,4,8,4,7,1,3,5,5,5,6,6,5,7,1,3,4
33,11.56,37.47,3,4,5,2,2,6,4,5,6,3,4,3,4,5,5,5,5,6,0,5,5,4,4,6,2
34,2.9,59.47,5,1,3,5,5,3,4,4,5,4,5,4,5,7,3,4,5,2,3,7,4,4,5,4,7
35,29.36,64.11,6,5,1,4,3,3,4,3,4,5,8,7,2,5,4,4,3,3,4,4,3,3,5,3,6
36,17.36,58.33,7,6,6,2,4,2,3,4,3,2,3,5,4,3,4,6,3,3,2,3,5,3,7,3,4
37,20.48,36.16,4,5,5,2,3,6,2,2,3,3,5,5,3,4,3,2,3,4,5,6,4,2,6,6,2
38,43.01,48.92,7,6,4,5,3,4,5,7,5,6,4,5,2,4,3,5,3,5,4,4,5,2,5,4,5
39,29.51,42.4,5,1,2,4,5,7,3,4,5,6,3,4,4,5,4,5,2,4,6,5,1,3,4,3,5
40,23.89,65.33,6,4,4,5,3,8,3,4,5,2,5,4,7,4,2,5,3,5,6,4,5,4,5,6,4
41,43.07,61.84,7,7,3,5,6,6,5,7,2,3,5,1,2,5,1,5,1,1,3,1,2,5,3,6,4
42,26.62,53.12,1,3,2,1,2,3,5,3,2,3,5,4,3,4,5,4,5,6,4,6,4,6,3,4,3
43,12.59,31.43,4,6,4,5,5,5,5,5,2,5,2,7,6,5,5,5,5,6,3,2,5,4,5,3,7
44,26.71,54.89,5,3,3,3,5,1,6,2,3,3,4,6,2,2,5,2,3,5,5,3,7,5,3,3,6
45,14.01,51.86,5,4,7,6,3,5,2,7,4,4,7,3,4,4,2,4,3,4,5,5,3,6,6,5,6
46,14.29,61.04,5,4,3,5,6,4,4,2,5,5,5,4,3,7,6,5,5,4,1,6,4,4,4,2,3
47,28.37,40.75,3,4,3,6,4,6,5,8,3,4,5,5,4,4,4,5,5,4,4,5,5,4,4,6,6
48,17.54,29.27,2,3,2,2,4,7,6,6,7,7,6,5,4,3,2,2,5,7,3,3,2,4,3,6,2
49,16.9,47.92,6,6,3,2,5,6,2,5,5,6,4,4,2,0,3,4,7,4,3,2,2,2,7,5,5
50,36.54,31.42,2,1,6,7,3,6,3,3,4,7,5,6,5,5,3,5,4,6,3,4,6,3,5,2,6
51,15.64,55.04,3,8,4,6,6,5,1,5,7,5,4,4,6,5,7,5,6,5,4,5,2,5,4,5,3
52,36.07,59.67,4,2,5,4,4,6,6,4,5,4,3,4,4,4,4,1,6,5,3,5,5,5,6,6,4
53,13.52,31.32,3,4,4,6,1,3,2,3,6,2,6,5,3,6,5,3,5,4,4,3,3,3,3,3,5
54,32.5,46.68,6,4,4,2,5,5,2,3,4,6,3,4,5,5,2,1,5,3,5,1,5,4,6,5,4
55,19.06,45.84,2,1,3,3,4,5,3,3,7,5,5,5,6,4,3,5,2,4,3,7,3,5,5,6,5
56,15.86,30.34,6,3,4,4,3,5,3,5,2,7,6,4,6,5,6,5,5,5,6,6,1,4,2,4,1
57,39.45,82.35,3,6,4,4,5,4,4,6,7,5,3,4,5,5,3,4,3,5,3,5,7,5,3,5,2
58,30.98,47.08,5,4,4,5,5,4,6,4,4,3,1,5,7,4,4,4,3,4,2,7,6,4,3,2,3
59,19.09,62.0,5,4,4,5,4,3,3,7,8,3,4,6,6,4,7,6,2,3,4,4,4,4,4,4,4
60,10.68,52.49,4,6,4,8,1,3,5,5,6,5,5,4,5,5,6,5,4,3,5,4,6,7,4,4,6
61,21.82,44.37,4,4,6,7,6,7,5,5,2,5,6,4,4,3,3,8,3,4,6,3,6,6,3,4,3
62,45.13,51.47,5,4,4,7,6,2,3,3,5,8,6,6,4,2,3,4,7,5,4,2,1,1,3,5,7
63,24.64,53.06,5,4,3,5,6,5,4,2,4,6,8,3,4,2,3,5,8,6,4,3,5,3,3,3,6
64,27.78,13.7,6,1,5,3,5,5,6,2,6,3,7,6,6,3,8,5,6,3,4,6,3,7,5,5,4
65,34.2,68.54,5,5,2,2,4,4,3,8,4,5,3,4,4,3,3,3,4,2,5,6,3,1,6,5,2
66,25.44,42.84,2,6,3,6,5,5,4,3,2,5,6,4,6,6,4,7,6,6,6,3,6,6,4,2,2
67,28.52,52.15,4,7,4,2,6,3,3,3,3,5,5,4,7,3,4,8,3,5,6,6,4,3,6,5,6
68,31.2,41.27,4,5,6,2,8,4,3,5,4,2,4,5,4,5,8,4,4,5,5,4,3,3,5,5,4
69,21.82,54.1,5,2,4,5,5,6,4,6,5,3,2,2,5,5,7,7,6,5,3,3,4,5,2,6,6
70,1.49,37.02,3,6,3,2,5,5,4,7,7,2,4,4,6,3,3,4,3,5,7,6,7,4,7,4,5
71,24.68,53.75,4,4,6,3,4,4,5,4,5,6,5,3,5,4,6,8,5,2,2,5,6,5,4,2,3
72,6.48,41.07,4,4,4,6,3,2,3,5,6,4,5,4,2,5,2,4,2,5,4,3,2,3,7,2,4
73,28.7,45.69,3,2,5,6,6,6,2,6,5,7,6,4,3,2,4,3,4,4,4,6,5,2,3,5,3
74,14.43,42.76,6,5,3,5,5,3,5,6,5,3,3,5,3,6,4,3,3,4,3,3,5,3,2,2,5
75,38.44,88.72,4,5,3,5,5,5,4,3,4,4,4,2,3,4,5,3,5,3,3,2,6,2,2,4,3
76,17.96,50.53,4,2,5,2,5,4,4,5,2,6,5,1,4,6,4,7,7,5,3,4,5,3,5,5,3
77,27.24,54.37,6,8,5,3,2,4,2,6,4,6,5,6,4,3,5,5,6,2,4,8,6,7,2,6,5
78,30.2,60.6,4,4,4,4,3,5,6,3,2,3,2,3,4,1,4,3,3,3,4,3,3,3,5,5,4
79,31.16,47.44,7,4,5,7,4,6,6,2,3,4,3,6,4,4,3,5,1,5,4,4,4,7,8,5,3
80,52.68,23.33,6,4,5,3,4,4,5,3,3,4,4,5,6,4,6,5,5,5,3,2,3,6,8,4,4
81,38.88,29.47,4,6,5,4,5,3,4,3,3,6,4,5,4,5,4,2,3,0,4,2,3,7,4,1,2
82,33.25,64.58,7,5,4,6,5,8,3,3,5,2,4,2,4,3,2,5,3,4,5,5,2,3,2,3,4
83,42.91,21.05,2,2,3,3,4,4,4,6,3,6,2,4,2,3,5,3,3,5,6,4,3,4,7,6,5
84,18.2,50.26,6,3,3,7,4,5,4,1,2,6,3,3,5,5,6,4,3,5,3,5,7,6,4,6,4
85,20.22,58.29,5,2,3,2,1,3,3,3,4,2,2,5,5,3,5,4,3,5,3,3,6,1,5,3,7
86,23.35,46.22,4,3,5,4,5,6,5,5,3,6,3,5,0,6,5,2,5,6,4,3,5,4,3,4,4
87,22.57,68.9,5,2,6,4,5,6,5,5,2,4,4,1,6,6,5,8,5,5,5,4,1,3,2,4,4
88,33.61,24.56,6,3,3,3,6,3,2,6,4,3,4,3,2,5,3,6,5,5,4,5,1,5,6,7,5
89,4.93,39.61,6,4,3,7,3,3,4,3,3,4,7,3,5,5,3,4,3,5,6,5,5,2,3,3,3
90,37.56,52.89,4,4,3,3,3,5,5,5,6,4,3,1,4,2,4,1,4,5,6,4,6,5,5,6,4
91,21.63,39.03,2,5,5,2,4,6,5,4,2,3,2,5,6,6,3,0,5,6,4,3,3,4,1,5,2
92,24.92,37.73,3,2,3,4,4,2,4,3,4,7,5,6,3,3,3,6,3,7,3,3,8,2,5,4,2
93,16.34,63.31,4,4,5,3,5,2,4,2,5,4,2,2,4,3,3,2,3,6,1,6,7,1,4,8,6
94,16.28,64.33,6,5,3,6,3,5,6,5,4,6,6,3,4,4,4,6,4,3,4,5,4,6,6,5,4
95,34.38,39.55,5,6,4,4,3,4,4,0,3,2,1,5,5,6,7,6,6,5,4,5,4,5,2,3,6
96,21.2,41.99,5,5,6,2,3,4,5,6,6,2,5,4,3,4,6,4,6,4,5,4,3,3,4,5,5
97,13.77,21.81,4,5,5,6,4,5,4,4,3,5,4,4,2,4,4,1,1,7,3,4,5,6,6,4,2
98,16.69,36.68,4,6,4,3,3,2,7,4,3,3,5,5,5,4,6,3,6,5,6,6,4,5,7,5,2
99,30.48,31.74,4,4,3,4,2,3,5,4,2,7,5,3,5,3,3,7,4,5,4,2,3,4,3,3,2
100,11.34,39.31,4,5,4,3,5,3,6,5,3,3,5,3,4,4,3,4,5,5,3,5,5,6,4,5,5
101,27.73,68.14,4,4,4,4,4,5,6,4,4,1,4,2,7,6,6,4,5,1,3,6,6,5,5,3,6
102,29.96,42.96,4,4,7,2,4,5,3,3,6,3,4,2,3,4,4,2,6,5,6,4,4,4,4,5,6
103,20.82,16.31,7,6,5,1,5,4,6,3,4,2,1,5,4,3,3,4,3,3,3,4,1,3,6,2,5
104,31.94,39.82,6,4,5,6,3,5,4,3,8,7,3,6,2,6,7,2,5,6,5,2,6,3,4,3,0
105,18.01,31.54,4,1,5,2,3,5,5,3,5,3,7,2,3,4,4,5,4,2,4,4,7,4,7,6,2
106,38.57,39.54,3,5,5,2,6,3,4,4,7,4,4,5,4,1,5,4,4,5,5,6,1,5,3,5,5
107,24.06,57.9,2,1,3,5,6,7,6,5,5,5,5,8,5,1,5,3,4,4,6,3,4,5,5,2,2
108,38.24,55.22,3,2,3,4,6,6,3,5,5,7,7,7,6,5,6,5,4,4,3,6,3,4,6,6,3
109,21.93,47.62,4,5,4,6,3,3,8,2,6,3,4,4,2,6,4,5,4,4,3,4,4,4,5,2,0
110,29.6,39.24,0,2,4,5,3,4,6,3,5,5,3,4,4,7,4,3,6,3,3,3,6,8,4,6,3
111,43.38,37.49,5,3,3,5,5,5,2,2,5,4,7,4,5,2,7,5,6,3,3,0,3,4,5,3,5
112,10.11,48.6,5,5,3,5,3,6,8,2,3,3,5,3,1,8,2,5,7,5,3,7,4,4,5,2,2
113,37.26,43.75,4,3,5,5,4,2,5,3,6,4,2,5,4,6,4,2,6,6,5,3,4,4,2,1,4
114,12.79,45.7,4,2,8,2,3,4,5,5,5,4,4,1,2,3,4,5,5,3,4,2,5,3,6,4,5
115,5.39,19.55,6,7,4,4,3,6,7,7,4,3,0,4,4,7,7,4,4,5,3,1,8,5,4,4,5
116,35.44,55.87,5,5,4,2,5,8,3,4,6,5,3,7,3,4,3,3,8,5,5,4,3,3,2,6,4
117,23.05,31.58,2,5,5,6,5,4,3,5,2,4,4,4,7,5,1,6,5,5,8,4,3,4,5,6,2
118,20.65,39.37,4,5,3,6,3,1,7,4,3,6,3,3,7,3,2,3,4,4,4,3,5,2,5,5,4
119,26.43,55.03,2,6,3,4,6,5,6,3,5,3,4,5,2,4,3,7,6,4,5,6,5,3,8,2,5
120,46.17,40.54,4,4,1,3,3,2,5,3,2,2,1,3,7,4,4,3,3,3,3,3,3,4,2,6,4
121,31.84,43.23,6,6,5,3,5,5,4,2,5,4,5,5,4,4,7,7,3,5,7,4,2,4,6,5,3
122,12.23,50.41,3,3,3,4,4,1,3,5,4,5,2,2,2,4,4,6,5,5,7,4,2,1,6,6,3
123,11.88,46.21,3,4,4,5,4,3,3,4,1,5,5,2,6,3,4,5,2,2,3,3,4,4,3,4,1
124,14.17,23.99,2,2,6,4,5,3,6,5,2,5,1,7,6,6,5,6,5,1,5,3,2,5,3,4,6
125,40.49,64.49,2,1,3,3,5,3,4,7,2,5,3,2,6,6,6,4,5,3,4,2,6,6,4,4,4
126,16.83,34.37,8,2,2,4,5,3,4,6,5,3,4,7,6,2,6,4,4,4,4,5,4,0,6,7,7
127,19.73,35.9,4,4,4,4,6,5,3,3,4,2,5,3,4,2,3,3,4,6,1,6,3,3,3,5,4
128,26.72,5.68,4,5,4,6,7,3,3,3,5,4,6,3,3,5,3,4,3,3,2,5,2,6,7,3,2
129,26.7,44.47,2,4,4,5,2,7,3,4,6,3,7,2,2,6,4,6,5,4,3,5,4,4,2,5,5
130,31.97,56.0,3,5,2,2,6,4,4,4,3,4,6,5,1,3,4,2,2,4,7,5,2,6,4,4,3
131,23.03,61.11,6,5,3,6,4,4,6,3,4,4,4,6,4,3,7,5,6,5,5,5,8,2,5,4,6
132,24.75,40.8,4,3,2,4,5,4,4,3,0,4,3,7,4,7,5,3,3,4,3,4,4,2,3,5,4
133,23.5,29.95,4,4,4,2,5,6,4,4,4,2,2,4,2,1,4,7,5,2,5,7,7,5,5,6,3
134,13.76,27.13,8,3,3,3,4,3,4,2,4,4,6,5,6,3,6,3,4,6,5,7,5,2,3,5,4
135,7.44,26.5,5,5,4,6,4,2,6,2,5,5,8,6,3,3,2,2,6,3,4,3,3,2,1,7,4
136,44.97,72.67,4,3,5,5,5,6,5,5,2,2,4,3,3,4,5,2,4,3,5,4,4,5,5,3,6
137,27.13,50.94,3,2,4,3,5,4,5,5,6,4,3,3,4,5,6,2,4,4,2,4,3,3,5,4,2
138,22.66,64.2,7,2,6,3,4,3,4,5,4,4,5,4,5,4,5,6,4,4,4,3,4,4,5,4,1
139,45.14,66.55,7,5,1,3,6,4,4,3,4,4,6,2,5,3,3,7,5,3,6,4,4,3,4,4,4
140,27.51,50.19,5,6,6,7,4,5,2,4,4,5,6,6,7,2,3,5,3,3,3,4,5,5,3,2,3
141,33.44,52.11,5,2,7,3,4,5,5,2,5,3,5,5,2,3,4,6,2,1,4,5,5,4,5,7,2
142,27.81,51.13,4,5,3,6,2,4,5,6,3,4,4,3,7,4,6,2,2,7,4,6,3,5,4,6,2
143,41.23,45.43,4,5,4,5,5,3,5,3,6,3,1,5,3,4,2,5,5,6,3,5,4,3,3,3,2
144,29.15,42.52,3,3,1,7,1,2,2,4,4,5,3,6,4,5,3,7,3,3,4,2,3,5,5,4,3
145,27.18,64.39,2,7,2,3,4,2,3,3,2,4,6,4,4,4,3,3,4,3,5,8,2,4,6,1,5
146,30.48,62.22,5,3,5,3,3,7,3,4,3,4,4,4,2,6,5,6,3,6,5,4,4,5,2,5,4
147,36.17,27.43,5,6,5,5,4,3,5,7,6,5,4,3,3,5,5,4,5,4,5,4,6,6,5,4,3
148,15.54,60.2,5,7,5,5,3,6,4,6,3,6,5,6,4,2,8,3,4,2,7,4,6,4,4,5,4
149,26.99,55.97,8,8,1,3,4,3,5,4,6,2,4,2,3,4,3,5,4,3,4,5,5,4,2,2,4
150,20.19,33.66,2,4,1,2,5,5,4,4,4,4,6,8,7,4,6,7,7,2,6,5,3,4,5,3,5
151,47.79,42.36,4,5,4,3,2,4,4,3,3,4,4,5,5,3,2,8,3,3,6,7,6,4,5,4,4
152,35.08,76.66,3,4,5,3,5,5,2,2,2,4,4,4,4,5,5,6,3,3,4,5,7,6,3,9,2
153,14.45,49.05,5,4,4,3,5,3,4,6,4,4,6,4,5,2,5,7,4,3,3,4,5,4,5,3,3
154,41.9,28.81,1,5,5,3,3,5,3,3,3,6,3,4,5,6,3,3,4,4,3,6,4,3,2,5,4
155,15.84,23.12,6,7,5,4,5,5,4,3,3,4,5,6,4,5,3,2,5,8,3,3,6,6,6,7,5
156,34.41,69.42,6,3,4,3,3,5,6,4,2,2,6,5,4,3,3,5,4,4,7,5,5,4,4,4,8
157,18.73,64.44,3,5,2,7,4,4,5,7,2,3,4,8,5,7,4,3,5,5,3,5,5,6,5,1,4
158,51.1,50.62,3,6,6,3,3,5,3,4,6,6,3,4,2,5,3,4,6,5,4,5,4,5,5,6,8
159,28.75,54.67,5,4,3,5,5,5,3,1,5,6,5,8,3,6,4,3,5,5,4,4,4,5,4,5,4
160,33.79,37.49,0,5,4,4,3,5,4,6,5,5,5,5,2,4,5,6,4,6,3,1,7,4,2,4,6
161,18.54,40.98,3,5,2,2,7,5,2,2,7,2,4,5,6,3,5,4,1,3,1,3,5,1,3,3,3
162,37.46,55.63,3,6,7,6,4,1,5,4,5,2,5,2,4,1,5,6,3,7,4,4,7,8,6,5,3
163,9.54,62.55,7,5,5,3,5,4,5,6,4,3,4,8,3,4,4,7,2,4,3,3,4,6,4,5,5
164,26.73,43.95,4,4,6,6,4,3,4,2,4,6,5,5,4,2,2,5,2,4,4,3,3,3,7,5,2
165,22.58,37.11,5,1,6,4,5,4,7,5,2,5,5,2,4,5,7,5,2,5,4,4,7,6,5,6,6
166,27.0,45.47,6,3,3,3,3,1,4,6,4,2,2,4,4,6,7,3,7,4,4,5,4,7,3,4,5
167,21.74,63.0,3,5,2,5,3,6,4,5,4,3,5,4,3,3,3,5,5,3,5,4,3,6,7,4,6
168,28.55,39.86,7,4,3,6,4,5,3,3,3,2,6,2,3,3,6,3,3,4,5,7,4,6,6,2,7
169,41.42,49.35,2,3,5,3,5,6,2,3,5,5,1,2,1,4,6,4,3,3,7,4,5,4,5,3,4
170,10.1,38.88,8,5,2,3,4,5,5,5,4,9,4,4,4,4,5,4,5,5,4,5,5,3,2,5,5
171,23.68,51.17,3,5,3,4,4,6,5,3,8,7,1,5,5,4,5,1,5,4,3,6,6,2,6,4,5
172,22.29,52.33,3,4,5,6,4,4,6,5,5,7,2,4,4,5,4,6,2,1,5,3,8,4,4,4,2
173,18.41,23.49,5,5,3,7,5,6,7,4,6,2,3,4,6,2,3,4,4,5,2,5,5,4,5,4,4
174,33.92,68.23,4,3,4,1,4,7,4,4,7,5,5,5,4,2,3,5,5,2,2,5,7,3,4,3,5
175,9.7,37.91,6,2,2,3,5,3,5,5,3,7,6,6,4,4,5,8,3,4,4,3,2,2,3,6,3
176,29.14,57.39,5,6,4,3,3,8,2,5,3,5,4,6,3,2,4,6,4,2,4,6,3,6,5,5,7
177,23.64,39.7,4,5,2,3,5,5,5,5,7,2,5,3,5,7,3,5,4,3,3,4,3,6,4,4,3
178,20.02,57.71,7,4,5,6,5,6,1,2,4,6,3,2,6,7,3,6,4,7,4,4,4,4,3,6,3
179,23.33,45.05,6,5,2,2,6,5,5,4,1,8,3,4,2,5,2,3,5,5,4,5,2,5,4,2,2
180,32.29,50.81,6,6,3,6,3,2,6,3,5,6,4,4,5,7,1,2,4,6,5,1,3,4,4,7,6
181,19.68,38.57,5,4,4,3,5,2,6,4,6,8,6,5,4,7,7,3,2,4,6,3,6,6,5,4,2
182,31.4,38.62,5,5,7,2,3,4,8,4,2,1,6,2,4,2,4,5,3,6,8,4,2,3,6,6,1
183,20.3,51.01,3,5,5,4,5,3,7,5,6,3,2,4,4,5,6,6,4,5,4,5,5,4,5,5,4
184,15.11,28.61,4,4,3,4,5,4,2,2,3,3,3,1,2,3,4,6,4,4,4,5,7,4,4,3,6
185,47.93,54.18,2,5,4,5,6,4,3,8,5,5,5,1,3,3,5,6,5,8,4,3,2,7,4,4,6
186,28.84,15.48,4,4,1,3,6,5,4,4,5,3,2,3,3,3,6,3,4,4,3,6,0,5,4,6,4
187,38.92,50.35,3,4,6,4,7,4,5,2,5,1,4,5,3,4,6,3,6,5,5,3,2,4,3,5,2
188,14.99,60.03,2,4,2,3,5,6,4,6,6,5,2,3,1,7,3,5,5,5,4,3,5,5,3,6,5
189,50.62,49.31,4,5,4,7,4,5,5,3,5,3,3,7,5,5,5,2,4,5,7,5,5,3,4,1,6
190,14.29,33.82,5,6,4,5,4,4,7,2,5,2,4,5,2,5,5,5,6,3,1,7,1,5,5,3,4
191,10.2,49.48,8,3,1,3,1,2,4,5,3,5,4,6,4,3,7,5,6,4,6,3,7,6,4,6,3
192,33.64,36.13,6,4,3,3,5,3,4,6,3,4,5,4,5,2,6,2,6,6,3,3,6,4,5,3,6
193,29.66,46.95,6,6,2,2,5,4,5,6,4,5,6,3,2,4,6,3,3,6,5,4,8,3,4,2,3
194,30.65,70.24,2,3,3,2,4,4,0,3,5,2,6,2,5,5,4,4,5,4,2,6,1,6,4,3,5
195,31.05,22.61,3,3,6,5,6,5,4,5,7,4,1,4,2,5,4,5,2,4,7,2,4,3,5,2,7
196,35.86,60.04,6,8,5,4,3,3,3,5,5,4,5,5,5,4,4,6,3,3,4,4,5,5,3,5,4
197,43.09,62.84,5,5,2,3,5,2,4,7,5,5,4,5,3,4,5,4,3,5,5,5,1,3,2,4,6
198,32.46,54.17,4,4,8,2,5,4,3,4,5,4,3,5,4,5,4,2,5,4,2,3,5,5,4,7,4
199,34.1,49.46,6,2,3,4,2,6,4,6,9,2,6,3,1,7,3,4,5,4,7,6,6,7,3,5,5
200,13.33,44.23,3,3,5,2,5,4,3,6,7,3,2,4,7,3,5,4,3,3,5,4,4,4,2,3,4
201,29.65,33.47,5,4,3,5,4,6,7,6,5,4,2,4,5,7,5,6,5,2,3,6,8,3,4,4,4
202,33.94,40.05,4,3,2,1,5,4,3,5,4,3,4,1,4,5,4,4,4,5,5,5,4,4,4,2,6
203,29.03,27.63,3,5,3,3,4,3,5,4,4,5,6,2,4,5,5,3,5,6,5,1,5,3,4,1,5
204,20.3,56.45,7,4,7,6,7,6,6,5,4,1,2,5,6,5,2,7,2,3,5,4,3,4,0,4,4
205,24.87,62.3,6,4,6,5,3,5,4,2,4,5,4,4,3,3,7,2,3,4,3,2,5,7,6,6,5
206,20.93,40.53,5,5,0,4,2,3,4,3,8,7,5,4,3,1,4,4,3,6,6,5,5,5,2,4,6
207,26.27,42.5,5,6,5,1,4,4,6,6,4,4,5,3,5,6,5,3,3,3,6,3,3,3,5,1,4
208,46.24,32.49,3,3,5,5,6,7,4,4,5,3,3,1,4,1,4,2,4,3,5,4,4,5,4,6,3
209,37.34,64.25,7,3,2,6,4,2,5,5,5,4,0,3,5,5,5,4,6,3,2,5,4,4,4,2,3
210,22.82,36.77,4,5,6,2,5,5,6,5,1,4,4,4,4,4,4,2,3,5,7,2,4,5,1,8,7
211,46.43,49.98,6,1,4,5,3,4,5,5,4,1,5,4,5,6,3,6,3,2,5,3,4,3,4,1,3
212,23.91,58.57,3,8,5,6,3,4,4,6,6,5,4,3,2,6,5,3,5,4,4,4,3,6,4,5,3
213,7.93,52.28,5,6,5,3,5,3,3,2,5,4,4,2,4,6,3,5,2,2,6,6,4,1,0,5,2
214,24.3,60.84,2,4,6,5,4,7,6,3,3,6,3,4,4,5,2,4,7,5,3,4,2,4,2,3,6
215,25.77,48.99,5,3,5,2,3,6,7,6,4,4,3,2,2,8,6,5,5,4,5,8,5,2,6,6,4
216,18.95,40.49,4,4,5,1,1,5,5,5,4,5,4,4,1,5,2,4,3,6,5,5,4,3,7,5,6
217,16.65,51.34,7,5,4,4,3,5,4,4,2,3,4,2,3,3,5,4,1,6,4,5,4,4,3,4,3
218,26.64,63.67,6,3,3,6,3,7,4,5,4,5,4,7,5,1,5,5,3,6,3,5,5,5,3,7,4
219,28.5,43.3,4,4,7,5,4,4,2,4,5,3,2,6,4,5,4,6,1,3,4,6,3,6,5,4,2
220,39.71,66.44,5,6,7,3,3,7,5,5,4,4,4,7,9,4,5,4,3,6,3,4,4,8,4,3,7
221,6.42,55.02,3,6,4,7,5,2,4,4,5,5,5,2,4,3,6,3,4,3,5,2,1,2,5,6,4
222,25.81,43.04,6,6,5,3,4,2,1,6,2,2,5,3,5,5,4,4,5,5,6,7,5,2,3,4,4
223,43.23,51.32,3,2,7,1,4,2,6,3,4,3,4,7,1,6,3,4,6,5,5,4,2,4,4,5,1
224,28.28,46.49,5,2,3,4,2,2,5,7,6,5,3,4,5,4,2,5,3,5,5,5,4,4,2,5,3
225,5.13,49.28,1,2,4,5,5,5,5,5,5,5,6,2,4,4,6,3,5,3,5,4,3,5,6,1,2
226,15.99,39.64,4,6,3,5,5,2,4,5,5,4,4,2,7,3,3,6,3,6,5,5,4,3,4,5,4
227,23.92,67.63,4,3,5,5,4,3,3,4,7,2,5,6,4,4,4,3,2,3,3,2,4,5,2,4,4
228,22.0,49.3,6,4,3,4,3,6,7,5,4,3,3,5,3,3,3,5,3,4,3,2,2,2,4,3,3
229,36.47,48.61,2,3,5,3,5,3,4,6,4,7,8,5,3,5,5,5,4,6,5,2,5,6,3,4,1
230,24.27,35.09,5,2,4,4,3,7,3,5,5,3,3,5,6,5,6,2,3,4,7,4,5,2,4,4,2
231,8.13,37.82,5,5,6,4,4,4,4,4,5,1,6,5,5,2,4,1,5,4,2,1,2,4,5,5,7
232,19.27,9.82,4,5,1,2,3,4,3,6,3,7,7,4,3,1,4,4,3,5,3,4,8,5,5,3,3
233,44.23,46.91,3,2,6,3,6,2,6,2,3,3,5,6,4,4,7,6,4,5,4,3,6,1,5,5,5
234,24.59,49.83,1,5,6,5,4,4,5,4,3,3,5,6,5,6,3,4,6,5,4,2,6,3,3,3,3
235,16.98,26.32,5,4,5,6,6,5,3,6,4,2,5,5,1,4,2,5,3,3,4,5,3,3,1,0,2
236,8.53,43.18,3,3,3,4,3,5,6,5,4,2,5,2,5,3,6,5,4,6,4,3,3,4,5,3,6
237,22.42,72.97,4,4,5,3,5,4,6,3,3,4,4,4,5,5,3,5,2,6,4,4,5,3,5,4,2
238,20.58,61.4,5,7,3,4,4,7,6,6,4,3,4,2,5,5,4,5,4,4,6,2,4,3,6,6,3
239,284.75,38.1,3,5,4,6,4,4,2,5,5,5,3,4,3,7,2,5,5,3,9,5,3,3,6,1,4
240,288.52,21.96,4,4,7,3,5,4,7,3,2,5,6,6,4,4,6,5,6,4,4,5,2,4,5,4,6
241,281.19,17.77,4,2,2,6,3,5,3,6,4,4,4,4,6,5,5,4,3,4,3,4,6,1,2,2,5
242,269.69,20.03,2,5,4,5,4,2,7,3,3,1,5,4,1,3,5,3,7,5,5,3,6,5,3,4,3
243,273.94,26.43,7,4,3,2,5,6,2,4,3,5,3,3,3,4,5,3,5,4,2,3,4,7,4,6,3
244,264.12,12.5,7,2,3,3,4,4,5,2,3,1,6,4,2,7,2,5,6,6,8,4,5,2,3,6,4
245,263.59,3.79,3,4,5,2,6,4,2,5,6,3,5,5,3,6,5,3,3,5,5,8,3,6,2,6,6
246,264.22,4.06,3,4,3,3,2,5,4,5,6,5,6,4,3,0,3,4,3,4,3,5,4,4,3,6,5
247,282.37,39.71,8,5,4,5,2,5,2,3,2,3,2,4,5,6,5,3,4,5,5,3,5,4,4,6,3
248,283.66,27.31,4,4,6,2,3,3,7,4,6,2,4,3,4,6,3,4,4,4,6,1,3,2,5,4,4
249,268.95,15.07,3,5,3,7,4,7,5,8,6,6,2,5,4,5,2,2,8,1,5,4,6,5,7,2,5
250,276.95,25.64,4,2,5,3,4,2,7,3,2,4,3,1,2,4,5,2,4,5,4,2,6,2,6,5,4
251,264.34,0.03,4,5,6,4,2,4,4,2,4,3,3,2,4,4,6,6,4,2,4,4,5,5,5,3,7
252,286.5,37.29,2,2,3,3,3,5,2,2,6,4,4,6,5,4,3,4,3,7,5,6,2,7,6,5,4
253,252.73,21.67,4,5,6,6,4,4,6,5,7,3,4,5,7,5,6,4,5,4,4,7,5,3,3,6,5
254,283.31,9.03,5,6,5,2,4,5,2,5,3,6,4,2,5,5,9,7,5,6,6,4,4,5,7,7,3
255,253.97,11.56,3,4,3,4,2,1,4,7,4,2,4,6,5,4,7,4,4,5,6,5,5,2,3,3,6
256,269.35,21.89,5,5,3,3,3,4,3,4,5,3,4,4,4,7,5,7,5,6,2,4,2,3,4,6,3
257,260.69,26.17,6,3,5,4,3,3,2,4,3,6,5,7,3,2,3,4,4,2,6,4,7,6,5,4,3
258,268.7,23.97,6,4,5,4,6,4,5,5,2,5,4,4,8,6,5,4,6,1,6,5,5,4,3,4,1
259,260.94,7.37,5,2,5,2,6,3,2,1,3,7,3,6,4,6,3,5,5,4,5,4,2,4,4,8,3
260,264.05,11.0,7,7,3,3,3,2,4,2,6,5,3,4,4,5,7,2,6,5,3,6,6,6,5,3,3
261,241.12,9.6,5,6,5,5,4,6,5,2,8,5,5,5,3,2,6,4,6,6,3,4,4,4,6,4,3
262,264.87,7.54,4,7,7,4,5,6,4,5,2,6,6,6,4,5,2,4,7,4,4,4,3,3,3,4,5
263,265.92,9.89,6,4,4,3,6,9,3,3,4,2,4,3,3,4,4,2,6,4,4,2,4,4,6,3,5
264,288.66,33.77,2,4,4,5,2,2,2,3,5,2,4,5,4,2,4,2,4,3,7,5,2,4,2,5,3
265,283.05,32.75,3,3,3,5,7,5,2,3,4,4,4,5,5,2,3,4,4,4,0,3,4,4,6,3,6
266,259.94,2.65,4,5,4,5,2,4,4,6,2,3,5,4,4,7,4,6,4,7,6,2,3,5,3,4,3
267,265.04,11.08,6,5,5,3,5,4,3,4,5,3,7,4,5,2,6,2,2,5,3,6,5,3,5,3,2
268,271.26,20.03,3,4,4,8,6,4,6,2,6,3,6,3,4,5,3,5,4,5,7,5,4,4,6,3,4
269,261.87,25.13,6,7,3,2,6,4,6,2,6,7,5,4,5,3,5,4,4,4,6,4,3,5,4,1,4
270,257.03,9.0,3,4,5,4,6,3,2,3,5,5,3,5,4,3,5,5,1,7,4,1,4,3,8,9,3
271,279.04,23.43,4,3,3,8,4,5,4,4,4,5,4,4,2,6,2,4,6,6,2,3,2,5,4,3,6
272,263.16,9.81,5,3,4,4,3,5,6,3,4,4,4,7,2,5,4,4,5,4,4,1,6,2,5,4,5
273,273.29,27.93,3,2,5,3,7,5,3,4,4,3,7,6,5,5,3,3,4,5,5,6,3,6,4,5,6
274,267.91,6.69,3,5,7,3,2,4,3,5,5,7,6,4,8,2,5,3,4,2,7,4,2,6,3,5,3
275,256.04,0.62,2,5,3,5,6,7,5,4,4,2,5,4,6,2,3,5,3,5,5,3,4,6,3,2,5
276,269.95,8.14,6,5,5,5,3,5,4,4,4,3,4,5,1,4,6,6,4,7,3,7,4,5,4,5,5
277,260.89,6.64,3,6,4,3,4,4,5,5,7,5,2,5,4,6,4,2,3,2,2,4,4,4,3,5,5
278,258.55,12.49,4,3,1,3,4,3,4,5,4,4,4,3,3,4,6,6,3,6,4,3,1,2,4,4,4
279,270.5,13.99,4,2,2,3,5,4,3,3,5,6,5,4,6,3,5,5,8,4,5,4,5,6,5,5,3
280,259.54,13.67,6,3,5,5,5,6,5,6,5,6,1,4,4,8,6,3,5,2,2,4,5,4,6,4,6
281,258.61,7.95,4,2,2,4,7,4,3,6,5,3,3,5,7,4,4,6,6,5,4,5,6,6,5,6,6
282,277.47,19.66,4,6,3,5,2,2,7,5,4,5,5,4,4,4,4,2,5,4,4,5,4,7,3,7,6
283,275.97,17.48,3,3,6,3,4,4,5,3,3,7,4,7,5,3,4,4,5,2,4,5,3,5,4,5,4
284,270.13,22.31,3,0,3,4,6,7,5,4,5,3,5,5,4,2,6,2,4,1,5,3,2,6,4,4,5
285,281.16,23.64,6,6,5,5,2,4,7,3,4,5,4,4,4,3,7,6,4,5,3,4,5,5,3,5,5
286,289.6,35.29,4,6,4,3,6,5,3,6,6,5,6,3,4,5,7,2,4,3,4,5,8,7,5,7,7
287,260.95,19.4,5,5,2,5,3,3,4,5,5,3,5,6,5,5,3,2,5,3,4,2,3,2,7,5,7
288,260.75,5.77,4,5,5,4,3,3,4,6,6,4,5,4,4,3,2,2,3,7,5,5,5,6,1,4,8
289,278.18,15.55,4,6,5,2,3,6,1,5,3,3,2,1,6,4,4,4,6,3,3,3,3,6,5,1,3
290,273.49,15.16,4,2,6,5,4,7,3,5,2,3,3,5,7,7,2,5,4,2,4,6,2,3,4,4,5
291,280.54,18.22,5,2,5,4,4,3,6,2,3,0,5,3,5,3,2,4,4,3,6,4,4,2,4,8,1
292,271.28,22.57,4,5,7,1,4,4,4,6,4,4,4,5,5,3,5,5,3,4,4,4,4,4,2,5,2
293,274.6,11.43,2,3,6,6,3,4,5,2,2,4,5,2,4,3,5,4,4,4,3,2,6,3,6,6,5
294,262.89,21.7,7,3,3,6,5,7,2,4,3,4,4,2,6,5,7,5,4,3,4,1,4,4,4,1,6
295,266.86,15.91,5,5,7,3,3,5,4,4,4,5,1,5,5,1,9,5,2,5,5,4,5,4,2,5,6
296,278.05,23.63,3,6,3,3,5,3,4,5,2,5,7,6,3,5,6,7,4,1,5,7,8,5,1,6,5
297,249.51,14.26,3,3,3,2,5,3,2,3,3,5,5,4,4,5,6,7,5,4,4,5,1,2,6,5,6
298,285.75,14.4,5,4,4,4,4,5,2,5,3,6,1,3,4,5,3,2,4,6,4,4,3,4,1,4,2
299,263.61,27.18,5,4,4,1,2,4,5,6,4,5,7,4,7,7,3,8,4,5,5,2,6,3,3,6,6
300,274.43,24.05,3,5,5,3,5,8,5,4,2,3,3,4,4,3,3,2,1,6,3,5,5,6,3,3,4
301,276.07,23.8,9,4,2,3,4,5,4,2,6,4,7,6,5,2,6,2,5,3,5,4,2,4,3,1,2
302,283.34,19.82,3,3,4,2,8,4,5,6,4,2,6,5,4,3,7,4,5,5,5,7,4,3,4,5,6
303,254.61,17.16,5,3,5,3,3,7,7,4,7,5,3,3,2,5,3,4,4,4,3,5,5,3,5,4,7
304,267.48,14.45,5,3,5,4,2,3,8,6,5,4,5,8,2,2,2,5,2,3,2,2,4,2,5,4,4
305,248.67,22.26,3,5,4,2,5,4,6,3,4,4,4,2,6,2,7,4,5,3,5,4,6,3,6,4,7
306,279.96,22.14,3,4,4,4,6,3,6,1,4,4,2,5,4,6,4,6,1,7,7,3,3,4,6,3,2
307,284.62,20.71,4,6,4,2,6,2,4,4,5,4,3,2,5,6,3,2,6,7,2,6,6,4,4,2,4
308,265.12,4.78,5,5,1,1,5,6,3,3,2,2,6,6,6,1,3,3,2,6,5,4,1,5,5,7,4
309,288.78,45.04,2,2,5,2,4,4,5,5,3,4,4,6,3,5,1,5,4,4,4,4,4,6,4,5,4
310,266.87,22.18,2,4,4,5,5,5,3,4,4,3,7,8,2,4,4,4,4,3,4,3,3,4,4,7,2
311,265.88,18.96,1,1,6,2,5,3,5,6,5,6,5,6,6,3,3,4,5,4,2,4,4,6,5,5,4
312,257.08,6.78,4,5,3,4,1,3,4,6,3,4,5,7,5,4,5,5,5,5,4,5,4,3,2,5,5
313,254.66,18.44,5,4,3,8,1,5,5,4,6,1,5,2,6,5,2,1,4,3,4,2,5,6,2,5,8
314,271.41,18.79,2,4,1,1,4,2,5,3,7,2,4,7,6,1,6,6,5,3,3,5,6,7,5,5,2
315,273.18,30.06,4,6,7,6,3,5,5,4,5,4,5,4,5,6,2,4,2,3,6,2,2,2,7,6,4
316,245.38,8.44,6,6,6,3,3,6,6,4,4,3,2,4,3,3,4,3,3,4,6,4,4,5,4,6,2
317,264.51,25.86,5,7,2,5,4,7,5,3,5,4,3,3,3,3,4,4,7,7,2,4,0,5,3,6,5
318,277.81,27.17,3,4,2,7,4,6,3,1,3,8,2,2,6,5,2,7,5,5,2,6,5,2,3,4,7
319,271.31,33.78,4,3,4,3,2,3,3,5,6,4,4,1,4,3,3,3,2,7,4,6,5,7,2,5,3
320,253.09,7.1,4,5,4,2,7,4,2,3,4,5,4,5,4,6,3,4,3,3,3,5,2,5,4,1,4
321,268.65,13.72,1,4,3,5,5,5,4,7,2,6,6,5,4,4,5,2,3,3,3,2,5,4,6,4,6
322,275.17,20.45,5,5,3,3,6,3,8,8,6,6,2,4,4,5,6,5,2,5,5,5,4,7,7,4,3
323,274.45,15.78,4,2,4,7,5,2,5,3,6,7,5,6,6,5,4,3,5,3,4,4,3,4,5,4,3
324,268.58,9.03,1,6,3,4,6,3,7,3,4,5,4,5,5,2,5,5,5,3,4,5,5,5,6,3,4
325,281.04,25.51,5,4,5,4,2,5,3,6,7,3,5,3,3,4,3,4,0,5,3,4,5,6,2,5,6
326,272.43,11.5,3,3,5,4,2,4,3,6,6,4,7,4,5,3,5,6,2,3,4,4,6,3,7,3,4
327,283.63,23.29,4,4,5,4,5,6,3,2,1,8,4,5,4,4,6,3,3,4,3,5,6,3,4,4,5
328,269.96,27.97,6,6,6,2,5,3,4,3,5,6,1,3,6,6,4,3,4,4,4,2,2,5,5,3,3
329,256.4,12.97,7,2,5,6,5,3,5,1,3,3,5,6,2,4,3,3,7,5,4,6,3,4,3,2,5
330,257.97,4.94,4,3,1,4,7,6,4,5,3,6,4,1,2,3,5,3,4,4,5,3,4,4,5,2,2
331,280.32,20.33,2,3,3,7,4,4,3,7,3,6,6,5,5,4,5,3,3,5,2,7,5,5,5,2,3
332,263.55,16.34,5,5,2,4,4,4,5,5,4,5,4,3,3,5,4,6,4,3,3,4,3,3,5,4,3
333,286.92,19.41,5,4,6,4,4,7,5,5,4,4,6,6,7,6,6,3,6,4,2,5,5,2,2,4,7
334,272.79,29.77,6,5,4,1,4,5,5,4,3,4,7,2,5,4,4,5,7,6,4,7,3,4,4,4,5
335,280.57,18.88,2,4,4,5,8,5,1,5,4,7,3,4,4,4,3,7,5,3,4,4,7,7,5,5,5
336,261.58,11.6,4,5,3,3,4,6,4,3,2,5,5,4,2,8,4,6,2,7,3,3,3,3,3,3,5
337,283.07,42.76,4,4,5,2,3,3,5,4,6,5,6,2,3,4,4,3,2,6,5,3,3,2,5,5,6
338,274.29,19.5,5,6,4,5,4,2,4,7,3,7,3,3,4,4,6,2,1,5,6,4,4,2,4,5,2
339,262.09,6.39,5,6,2,4,5,5,8,4,2,6,4,5,5,5,7,4,6,1,5,7,4,4,3,3,4
340,283.13,32.25,3,5,5,5,5,2,3,3,6,4,5,5,4,4,3,5,5,4,6,4,6,5,3,6,2
341,271.57,14.6,3,6,4,4,4,1,7,2,2,6,1,4,3,4,7,3,6,3,3,7,2,2,5,5,8
342,265.97,16.81,7,5,4,3,7,5,4,5,5,4,0,7,3,2,3,6,6,2,4,3,2,5,3,4,7
343,261.12,7.82,5,3,4,7,5,4,7,5,6,5,4,5,3,4,3,3,5,5,6,5,4,2,6,1,4
344,260.98,3.38,5,5,5,4,5,4,3,4,7,3,4,3,4,4,3,5,6,3,5,2,4,5,5,5,3
345,262.67,9.83,3,4,4,4,4,3,4,4,5,3,5,5,6,5,3,4,4,4,3,6,3,3,4,4,2
346,265.87,26.79,5,5,7,2,3,5,4,4,5,2,2,6,5,5,6,5,7,3,5,4,5,2,6,3,4
347,276.33,18.41,5,7,4,5,5,6,5,7,7,6,2,5,3,8,3,3,2,6,6,5,4,5,4,3,4
348,270.6,24.61,5,5,3,3,6,4,7,3,7,4,4,2,6,4,6,4,2,4,4,6,3,2,2,6,2
349,273.71,26.13,3,5,7,4,6,4,6,4,4,3,6,5,7,3,2,6,4,3,5,4,4,5,3,6,3
350,264.27,14.37,4,4,5,2,2,4,6,3,2,5,3,5,4,6,2,2,6,7,3,2,3,2,4,7,5
351,289.84,23.45,6,5,3,6,3,4,3,5,6,3,5,5,5,3,5,5,2,3,4,4,3,2,3,5,4
352,260.04,16.84,5,5,2,2,3,6,5,5,2,1,1,4,3,4,3,7,2,5,4,5,5,4,4,5,4
353,261.41,20.24,4,4,5,2,5,5,4,4,7,6,2,4,5,4,5,6,3,5,6,6,7,4,6,4,4
354,261.83,18.33,3,3,6,5,5,3,2,2,3,3,5,4,5,4,5,2,2,6,5,2,5,5,4,6,6
355,266.4,19.23,3,5,5,3,4,5,5,5,5,4,4,6,5,7,3,4,3,5,4,3,5,8,4,2,4
356,287.96,27.11,3,3,4,4,2,3,4,3,4,5,3,4,5,7,5,2,6,3,7,5,3,3,4,2,6
357,270.67,13.15,5,6,5,3,7,3,2,7,7,6,5,8,5,2,3,5,5,5,4,3,7,2,2,5,5
358,250.76,18.45,4,5,4,5,2,4,1,7,3,3,6,4,1,6,4,4,4,4,4,3,4,7,5,3,5
359,267.19,19.69,7,4,3,3,4,4,5,4,4,3,5,3,6,6,4,3,4,6,5,3,5,6,6,7,2
360,268.3,15.88,1,5,3,4,4,4,5,5,7,3,2,3,6,5,4,3,4,4,4,6,7,2,3,7,7
361,274.32,25.07,4,6,5,6,2,6,2,5,3,6,2,4,6,2,5,3,6,3,4,5,6,4,7,5,4
362,285.59,27.82,4,6,3,3,6,7,4,5,5,4,3,2,7,3,6,4,4,5,5,6,2,2,5,5,4
363,259.33,8.4,5,5,5,2,5,3,3,4,4,2,4,5,7,6,2,7,2,3,6,3,4,4,2,2,4
364,254.87,9.53,4,5,6,6,3,2,2,2,3,3,3,2,4,3,5,3,8,2,6,3,2,6,6,2,3
365,248.99,3.32,3,2,3,5,5,6,5,2,3,3,5,4,3,5,8,4,2,3,3,5,6,3,6,2,7
366,262.71,13.1,2,4,6,4,5,5,4,2,6,4,7,4,5,1,5,1,6,2,5,4,4,3,4,5,7
367,284.86,27.85,4,3,2,5,7,4,5,3,5,2,6,3,5,5,6,5,2,1,4,4,7,4,5,3,3
368,276.45,19.77,3,6,1,7,6,7,4,4,3,7,4,3,5,6,4,5,2,2,4,3,5,4,5,3,2
369,262.12,24.95,6,4,4,5,5,1,5,5,3,2,5,6,4,0,4,4,5,5,6,3,4,3,5,6,3
370,273.2,19.72,6,2,5,1,5,5,7,8,3,5,5,2,4,3,2,6,2,6,4,4,5,4,5,3,5
371,262.36,14.78,6,6,3,7,4,3,6,5,1,4,4,5,4,5,5,3,5,4,5,4,4,2,6,4,3
372,278.96,30.97,4,5,4,2,4,6,2,4,3,4,4,4,3,4,5,2,4,0,4,6,5,5,3,3,4
373,275.58,24.88,3,5,5,5,4,4,4,5,4,6,3,5,3,5,7,5,5,5,3,2,4,3,5,4,6
374,250.74,5.38,4,6,3,4,3,5,5,3,2,4,3,3,6,5,8,5,2,4,4,4,3,4,4,5,3
375,250.34,5.51,6,2,5,4,4,6,6,6,4,7,4,6,5,5,6,5,8,5,6,3,5,4,2,4,4
376,248.95,14.4,4,4,5,4,6,5,4,4,5,6,7,5,1,6,5,2,5,3,4,4,3,3,5,2,5
377,254.26,14.04,9,3,3,0,5,3,3,4,1,8,1,1,3,2,3,5,6,4,2,4,5,3,4,4,6
378,280.57,16.71,8,6,4,5,7,3,5,4,5,3,5,5,7,5,5,5,4,2,4,4,4,3,5,3,6
379,271.49,11.75,3,3,5,3,3,1,4,3,5,8,6,4,3,4,3,5,5,3,6,4,4,3,3,5,3
380,262.87,15.65,5,1,3,5,5,4,5,4,6,4,4,1,7,4,6,4,3,5,6,5,6,4,4,4,3
381,260.22,4.47,4,6,2,3,3,1,4,4,6,5,5,3,1,3,5,3,5,2,3,4,7,7,2,3,5
382,256.27,19.94,5,6,5,4,4,5,3,2,2,5,7,3,3,5,2,3,6,4,6,2,1,5,3,4,5
383,274.59,6.66,5,5,4,4,3,5,5,2,5,5,3,4,6,3,5,6,5,3,8,7,3,2,6,4,5
384,285.06,36.15,1,2,7,5,5,4,1,6,3,2,4,5,2,5,3,4,3,4,5,4,3,5,4,2,4
385,251.09,8.78,5,5,3,3,5,2,4,6,5,5,6,7,5,4,4,4,4,4,3,4,5,5,3,3,5
386,273.32,16.88,3,5,6,5,8,2,4,4,3,5,4,3,3,4,7,2,2,4,7,4,2,7,3,7,3
387,283.14,38.58,4,4,4,5,5,5,3,4,5,5,5,8,3,2,7,7,1,2,1,4,4,6,7,3,3
388,265.07,22.02,5,5,5,4,3,6,2,1,3,3,5,5,4,4,6,2,6,2,2,5,6,3,3,7,6
389,263.17,4.4,5,5,6,4,5,3,4,4,6,3,2,4,4,6,2,4,4,2,4,4,3,4,2,3,4
390,280.29,31.95,7,2,5,5,3,3,3,4,3,3,2,6,7,4,8,3,7,2,5,4,3,7,2,3,3
391,251.52,2.02,2,3,6,7,5,5,4,3,4,4,5,4,5,4,1,3,4,3,7,4,4,4,6,5,5
392,274.16,4.98,6,4,7,6,5,6,5,2,4,8,4,3,1,4,5,5,7,4,9,2,5,2,6,5,2
393,278.04,12.58,3,5,3,6,5,6,4,4,2,4,4,4,4,5,4,3,5,5,5,6,7,4,5,4,5
394,286.64,36.55,6,5,3,3,2,7,4,4,4,1,6,5,7,3,5,3,4,2,2,3,3,3,3,4,5
395,257.54,11.78,3,4,2,6,3,3,5,0,3,3,3,3,4,5,6,3,3,4,2,5,5,1,3,3,3
396,279.57,8.45,4,6,3,5,3,4,3,3,2,4,4,4,4,2,4,1,3,4,8,3,5,4,6,5,4
397,260.71,6.72,2,5,4,5,3,3,5,6,2,2,5,6,5,6,5,6,3,3,4,5,3,1,6,6,5
398,276.76,18.79,3,3,2,7,5,3,7,2,5,3,3,3,5,3,4,5,5,1,0,3,4,4,4,8,4
399,259.95,12.21,1,0,3,4,1,3,4,3,3,4,2,2,5,6,3,2,2,7,7,7,4,5,6,5,4
400,266.15,25.19,4,5,3,4,5,6,7,2,3,6,2,6,5,5,2,2,7,5,5,4,6,1,4,2,6
401,256.92,22.73,7,5,3,3,3,3,3,3,5,6,4,6,4,4,6,3,3,6,3,6,4,1,4,1,3
402,272.37,11.01,6,5,6,4,3,3,5,2,2,4,3,5,3,5,2,6,4,6,6,4,3,2,4,5,4
403,278.27,21.37,4,3,2,5,3,6,5,4,2,7,4,1,2,3,7,2,2,6,3,3,4,5,6,4,6
404,258.15,11.48,3,3,4,4,6,6,4,5,3,3,7,4,1,8,4,6,3,2,6,4,6,3,3,6,3
405,255.15,6.95,3,6,3,4,6,2,2,5,2,6,5,3,4,3,3,4,4,5,4,3,6,5,4,6,4
406,265.71,2.96,4,4,5,7,4,4,2,7,4,2,5,1,3,3,3,4,4,3,4,4,1,2,6,8,4
407,266.63,13.16,3,2,5,5,6,8,6,5,4,5,6,5,2,6,4,2,8,5,2,3,8,3,2,3,3
408,286.64,20.9,5,5,4,3,6,6,5,5,6,7,4,3,3,3,4,2,3,5,5,7,5,5,5,3,4
409,257.52,3.93,6,3,5,3,3,4,5,3,2,3,4,2,7,4,3,3,4,4,4,6,4,4,2,4,6
410,261.23,19.69,3,5,3,3,1,3,5,3,4,5,4,4,4,7,4,0,3,6,2,8,4,3,5,6,0
411,269.52,14.51,8,5,5,5,5,4,4,3,6,2,5,3,7,4,7,5,6,2,1,4,7,4,5,3,4
412,284.6,10.78,6,7,5,5,6,4,3,5,3,3,4,4,4,8,3,4,1,5,4,3,4,5,3,6,2
413,273.88,12.5,3,2,1,3,2,2,2,5,6,2,4,1,6,4,4,4,2,3,5,6,4,4,3,6,2
414,282.23,37.95,4,5,3,6,7,7,3,5,7,6,4,3,3,3,2,4,7,4,5,2,5,2,5,6,4
415,284.13,22.33,4,6,4,7,4,4,3,3,5,2,2,7,6,4,1,5,5,4,4,3,3,1,4,5,2
416,271.28,26.5,6,2,6,2,4,3,5,3,2,4,2,5,5,3,5,3,5,3,4,2,3,5,3,7,3
417,266.66,21.11,4,3,3,7,3,2,4,2,3,6,4,3,5,3,2,4,2,3,5,5,5,3,4,5,5
418,275.98,14.53,4,4,3,6,4,6,6,5,8,8,4,5,3,5,4,4,5,5,2,5,4,2,6,4,6
419,260.07,27.97,4,4,4,2,4,2,5,3,2,2,7,3,4,6,4,8,2,4,3,2,3,4,3,4,1
420,281.15,23.9,3,6,4,4,3,3,5,4,5,2,5,4,4,4,3,3,3,1,3,4,8,8,4,5,5
421,273.67,16.82,3,3,4,6,2,2,4,5,7,5,5,5,3,4,5,4,4,4,5,2,4,6,4,3,3
422,270.8,21.54,5,7,2,4,6,4,3,7,2,2,4,2,4,4,4,2,6,3,6,3,5,5,5,7,6
423,279.41,24.26,4,1,3,4,4,5,2,4,3,3,2,2,2,3,4,4,6,5,6,5,5,6,4,5,6
424,270.75,10.3,3,4,5,4,1,4,3,4,4,2,6,4,3,3,2,6,6,8,6,6,3,5,6,5,4
425,265.85,14.95,5,6,5,2,4,2,5,4,4,1,4,4,7,3,2,3,3,3,4,2,6,1,5,6,4
426,257.34,14.48,5,4,5,3,6,6,3,5,4,5,6,4,4,7,7,4,4,5,5,0,2,6,5,1,5
427,253.47,19.62,4,5,2,4,3,5,4,6,5,4,4,3,2,7,6,4,2,6,3,4,5,6,4,4,5
428,272.5,26.75,3,4,4,6,5,7,4,5,5,3,3,4,6,1,4,4,3,6,4,2,5,4,4,2,2
429,254.92,9.84,4,4,4,4,7,4,3,7,4,5,4,5,5,7,3,2,4,7,5,5,5,1,5,5,5
430,274.41,26.36,3,2,7,5,3,5,6,5,4,6,5,6,6,4,7,3,5,5,4,6,5,5,5,3,5
431,273.84,9.0,4,3,3,4,3,4,5,4,3,2,3,6,4,5,4,5,4,4,2,7,4,6,3,3,1
432,267.18,12.55,4,4,3,7,6,5,4,7,1,2,3,3,5,2,5,3,4,8,6,2,7,5,5,3,5
433,269.91,15.49,5,2,4,4,4,6,6,4,4,4,2,6,3,5,3,5,6,3,3,5,2,4,4,6,5
434,263.47,14.81,5,3,4,3,4,4,7,1,2,5,4,7,7,5,4,4,4,3,4,5,6,4,5,5,4
435,272.9,23.17,4,3,6,5,7,2,5,5,4,4,4,4,7,3,5,7,5,5,2,4,7,5,5,4,6
436,273.41,2.52,2,3,4,4,3,6,5,6,5,0,3,6,5,3,5,3,1,3,3,2,4,4,6,4,2
437,262.3,13.08,3,4,4,6,4,5,8,5,4,5,6,3,7,6,6,5,1,4,3,5,1,5,3,3,4
438,274.14,30.35,5,2,5,4,2,6,6,6,5,5,5,4,6,6,5,4,3,2,4,4,3,3,6,4,6
439,270.06,31.06,3,3,6,3,6,5,7,2,3,2,6,6,2,6,5,3,6,3,5,5,7,5,4,2,1
440,268.81,19.93,3,3,5,3,3,3,4,3,3,7,5,5,5,5,5,3,4,4,2,2,4,3,4,5,4
441,265.99,18.71,3,2,6,5,2,4,7,3,6,6,4,2,4,3,7,2,4,5,4,4,3,4,2,4,4
442,282.45,29.53,5,5,2,3,6,5,4,4,5,4,3,0,2,4,7,6,5,6,6,3,3,5,3,3,2
443,275.13,20.22,4,3,1,4,6,6,6,5,5,5,4,6,5,6,5,3,3,7,4,6,6,4,5,8,6
444,277.7,28.55,3,4,2,3,6,2,2,2,3,5,6,4,2,7,5,6,3,3,3,3,6,4,5,6,3
445,268.54,2.07,4,1,3,2,3,5,1,5,4,4,5,4,3,4,5,2,2,5,8,3,2,3,3,1,5
446,277.43,37.03,3,4,3,4,4,4,2,2,3,4,3,6,4,3,2,4,5,7,6,5,3,5,2,6,6
447,265.86,10.45,4,4,5,7,4,4,3,5,5,4,3,4,4,3,3,3,5,7,7,4,3,3,7,3,4
448,287.77,23.97,5,5,6,3,5,4,4,4,7,5,2,6,3,3,6,5,3,3,5,5,2,3,5,1,3
449,249.39,4.33,2,5,4,5,3,6,3,5,5,4,6,1,3,3,2,5,5,5,4,2,4,4,3,8,5
450,262.83,5.44,7,6,4,1,5,1,4,4,4,5,4,5,3,9,6,7,5,3,4,5,4,4,6,4,5
451,258.56,17.37,6,4,5,3,7,3,4,2,5,4,4,6,3,2,4,4,4,3,5,3,2,5,5,5,4
452,277.72,25.83,0,6,4,4,2,4,5,4,5,2,6,6,1,1,6,4,5,5,5,4,5,2,2,9,5
453,285.13,29.21,5,4,6,3,4,4,6,3,3,3,5,2,2,7,4,4,3,6,4,5,3,2,5,3,2
454,269.55,12.32,2,3,4,4,5,7,4,2,4,1,5,4,2,5,2,4,7,5,3,5,1,7,3,4,5
455,270.74,4.4,7,6,2,2,4,3,5,4,5,4,4,5,2,5,7,3,5,4,5,5,5,3,3,4,4
456,289.3,29.21,2,4,4,4,4,4,2,7,5,7,7,4,2,3,3,4,5,4,3,2,5,3,4,6,4
457,241.93,27.26,5,3,6,5,3,6,6,3,4,3,5,3,8,4,4,1,4,8,4,5,4,7,5,5,2
458,268.89,12.48,4,4,3,4,7,5,3,4,4,4,0,3,3,7,4,4,3,5,2,1,3,3,4,5,1
459,281.22,37.51,2,6,5,6,4,4,4,3,4,3,6,4,5,4,5,3,5,5,3,5,2,6,4,5,1
460,275.83,35.43,3,4,2,6,3,8,7,6,3,4,3,3,2,6,5,5,4,5,4,6,6,4,4,2,4
461,264.33,17.62,3,5,5,3,3,4,3,4,4,5,5,4,5,7,6,4,3,7,6,3,8,3,8,4,4
462,275.26,8.02,4,1,6,2,5,5,6,7,7,4,2,4,5,3,5,2,6,3,4,2,3,2,3,5,3
463,277.12,26.94,2,5,3,5,5,5,8,3,5,5,5,5,2,2,4,4,8,5,2,3,2,4,6,8,4
464,276.36,1.16,2,5,3,3,2,4,4,2,3,7,5,3,5,4,1,5,7,2,5,1,8,4,4,4,3
465,254.36,5.63,3,4,4,6,2,5,4,7,3,4,6,3,2,4,5,3,5,5,4,2,6,4,4,4,6
466,279.59,29.7,4,4,5,4,3,3,7,4,4,5,5,5,8,3,4,5,6,5,4,6,7,4,4,5,3
467,273.82,14.53,4,6,5,5,4,5,6,6,5,6,3,6,5,5,4,6,5,4,4,6,6,6,4,3,4
468,250.85,13.41,6,5,1,6,4,5,4,4,2,4,4,4,6,7,2,3,5,7,3,5,4,3,4,2,4
469,286.29,24.42,5,6,5,5,3,5,5,4,6,4,7,4,2,4,3,3,3,4,4,5,7,3,2,5,2
470,276.35,14.16,5,2,3,6,4,4,4,6,9,5,4,4,6,3,3,3,5,3,4,5,5,1,3,4,2
471,252.13,7.11,4,5,3,3,5,4,4,7,2,3,5,3,2,5,4,5,3,4,5,3,7,5,4,6,3
472,277.88,17.66,5,4,2,4,7,4,7,3,3,3,3,3,5,3,6,4,3,6,4,5,6,6,4,6,3
473,275.3,15.12,2,2,6,3,5,5,6,6,5,5,3,5,3,5,4,5,5,4,4,4,5,2,3,5,4
474,282.0,18.09,4,3,3,7,3,5,4,3,4,5,4,5,7,4,6,6,5,4,4,6,5,2,2,2,3
475,260.61,6.32,5,8,5,4,6,5,2,4,3,3,5,6,7,4,5,6,5,2,3,5,3,3,3,4,8
476,279.91,34.35,7,5,3,2,3,1,3,6,6,7,4,3,6,5,4,6,2,3,4,6,2,1,5,5,3
477,264.34,15.41,4,4,5,6,1,2,3,4,4,4,5,1,6,3,4,7,3,4,5,5,4,5,3,6,9
478,266.01,13.62,3,3,5,3,4,5,6,4,3,8,6,3,7,4,2,3,5,4,4,4,1,2,4,5,5
479,275.29,15.47,4,5,4,2,3,4,3,3,4,6,4,5,4,2,3,5,3,5,4,5,1,6,5,4,3
480,271.56,11.43,4,4,2,6,4,5,3,4,2,4,5,6,3,3,5,3,7,5,5,4,3,2,5,6,3
481,268.57,4.62,5,4,5,5,7,5,6,1,4,1,7,5,5,4,4,5,5,4,4,6,6,7,3,5,5
482,258.43,14.57,4,4,2,6,5,5,4,5,2,8,6,3,4,3,7,5,7,6,7,5,5,7,4,6,3
483,275.45,22.9,2,7,3,2,5,6,2,4,4,6,4,6,4,6,6,5,2,8,4,5,5,1,5,0,3
484,265.91,6.62,4,4,4,6,5,7,4,3,2,3,4,4,3,3,3,3,4,7,4,6,5,4,6,5,4
485,274.22,26.26,2,4,6,4,2,3,3,4,3,5,3,6,2,5,4,6,2,6,4,5,3,3,4,7,2
486,275.2,24.8,3,4,5,5,4,4,6,4,5,3,3,6,6,5,2,4,2,7,5,5,3,3,5,4,6
487,263.87,18.85,5,4,6,2,3,4,3,5,3,3,3,5,5,3,2,4,5,4,4,2,5,6,7,6,5
488,261.22,2.54,1,3,1,2,4,4,4,3,4,8,3,5,6,3,6,3,5,3,2,1,5,4,4,5,2
489,265.24,9.45,2,4,2,6,4,4,4,4,8,5,3,5,5,5,6,3,2,7,2,5,4,3,4,5,5
490,275.38,5.3,3,5,6,3,3,3,4,4,5,4,4,2,3,3,4,4,7,7,4,5,4,5,5,5,7
491,271.96,18.01,2,5,3,6,6,5,6,7,2,3,5,4,6,3,4,4,4,3,5,4,3,1,5,4,5
492,259.22,11.24,4,3,6,2,5,2,5,6,3,4,5,5,3,5,6,4,2,7,3,2,2,2,7,3,3
493,267.34,18.18,3,3,3,3,7,2,7,2,4,1,2,6,3,5,7,6,5,4,3,2,2,8,4,5,1
494,269.62,3.69,3,3,4,4,5,6,4,6,3,4,2,3,4,4,5,4,5,4,6,5,3,1,3,5,2
495,268.92,9.73,2,6,3,4,5,5,2,4,4,2,4,2,6,7,5,7,5,5,2,4,4,5,2,6,1
496,284.74,24.25,6,6,3,6,4,4,5,5,5,4,5,3,4,3,4,2,5,5,4,3,4,4,6,6,4
497,259.11,12.34,5,4,1,6,6,4,3,4,1,4,4,4,6,5,6,5,5,6,4,7,3,1,4,5,3
498,240.37,7.31,4,4,3,3,3,3,6,2,5,4,4,2,7,6,5,4,5,5,2,2,6,5,6,3,5
499,234.76,5.29,6,5,5,6,2,6,4,6,4,4,4,2,3,5,5,5,3,5,5,3,3,4,4,2,3
500,270.77,19.25,7,2,7,5,8,5,5,6,8,3,3,5,3,4,4,2,4,5,5,4,5,8,4,4,2
501,274.52,17.28,1,3,7,4,2,3,5,7,6,5,5,6,5,8,5,4,2,5,5,5,4,6,7,5,3
502,254.57,5.16,4,5,5,3,4,5,7,4,3,3,4,4,2,3,3,2,5,5,3,6,4,8,2,3,4
503,263.19,13.83,5,3,8,3,5,5,3,4,7,5,2,5,4,4,5,3,5,4,7,5,5,5,5,5,4
504,247.75,7.33,4,5,2,3,3,1,5,3,4,5,2,4,4,9,2,3,3,1,3,7,6,2,3,5,4
505,270.15,8.84,7,5,4,5,6,5,2,5,5,4,3,6,5,7,5,4,5,6,1,2,3,5,5,4,6
506,275.37,5.6,1,4,3,5,5,3,4,6,1,4,1,3,7,5,3,5,6,4,4,2,6,6,4,4,3
507,254.89,8.23,7,4,3,5,5,3,6,4,8,6,2,4,4,5,4,6,5,6,4,7,4,4,5,3,2
508,273.28,33.33,2,4,2,3,7,4,3,4,6,4,5,6,4,1,5,6,5,2,1,4,3,6,6,3,7
509,279.22,32.68,4,3,3,5,4,5,6,5,5,1,2,5,4,5,4,6,0,4,2,2,5,4,7,4,4
510,259.75,7.19,6,4,4,6,4,7,7,4,5,4,3,6,4,3,2,5,4,4,5,6,4,4,7,7,3
511,269.55,4.45,6,2,5,4,4,5,7,2,6,4,2,3,5,5,4,5,4,2,4,5,3,4,6,6,6
512,281.38,19.23,5,4,3,7,3,7,2,2,5,6,4,2,5,3,5,4,5,6,4,1,5,4,5,3,8
513,276.31,18.12,1,4,3,3,5,5,6,4,4,4,3,2,4,3,5,6,6,4,4,2,6,5,2,3,7
514,273.91,15.86,3,7,3,2,3,6,2,0,5,4,6,4,5,3,4,6,6,3,6,3,4,3,7,3,6
515,273.2,27.18,1,6,6,4,7,1,5,2,6,1,5,7,4,3,5,4,6,2,4,5,4,7,4,5,5
516,268.08,12.53,7,3,1,1,3,6,9,4,1,6,5,1,4,1,3,5,6,4,1,4,3,7,6,2,5
517,254.01,21.46,2,5,2,3,5,4,3,3,5,6,6,3,2,4,4,3,4,3,2,5,4,3,5,4,4
518,277.47,29.22,4,3,4,3,3,4,3,4,3,2,3,4,4,5,4,6,5,6,5,4,6,5,7,3,5
519,259.55,14.38,4,4,4,5,4,4,0,2,4,3,1,2,4,4,4,4,3,7,8,6,4,5,3,5,5
520,248.33,22.31,4,6,3,2,5,4,3,5,5,3,5,5,6,7,5,4,0,1,4,0,2,4,5,7,4
521,255.53,6.69,3,4,4,6,3,7,3,3,5,5,3,2,2,5,2,4,5,3,2,2,3,4,4,3,1
522,253.56,4.43,5,5,7,3,2,3,5,3,5,4,2,5,3,2,4,3,5,4,4,5,4,3,3,4,5
523,273.91,32.26,4,5,5,5,5,5,6,3,3,4,6,4,1,5,5,3,5,4,4,6,3,4,4,4,3
524,265.96,16.9,5,5,3,5,5,2,5,3,2,2,1,4,4,5,2,5,6,6,3,8,5,7,2,5,4
525,270.18,27.32,6,5,6,4,6,5,3,3,5,4,7,5,6,2,4,3,7,4,6,3,2,4,5,4,2
526,277.19,28.67,2,5,4,5,5,5,6,5,3,6,3,6,5,5,4,5,7,2,4,3,4,3,3,5,6
527,270.66,27.32,4,4,5,6,3,4,4,2,3,5,1,1,5,6,4,4,3,4,5,4,5,3,2,4,4
528,284.59,15.47,4,3,4,5,3,4,8,4,1,6,5,4,5,3,1,4,3,3,5,7,3,5,6,6,4
529,255.08,13.35,4,4,5,2,3,6,3,6,4,4,6,5,5,3,7,6,4,7,1,4,2,5,4,7,4
530,270.96,11.52,5,6,5,3,1,4,6,4,6,4,6,2,1,6,4,4,7,3,4,4,4,5,5,6,2
531,253.57,0.38,2,6,2,5,7,4,3,4,4,6,3,6,3,4,3,4,4,6,3,4,3,5,3,6,6
532,272.17,13.68,4,3,3,5,3,5,2,5,5,6,5,4,5,5,3,3,4,3,2,4,4,3,5,4,8
533,287.24,11.59,4,2,4,6,6,4,4,5,4,3,7,3,9,5,6,3,2,3,3,5,5,7,1,5,3
534,284.07,30.62,3,6,4,6,5,4,5,3,3,2,3,3,3,2,3,3,4,5,3,3,2,4,6,4,8
535,274.25,10.3,2,6,3,4,3,4,4,5,2,6,4,6,1,4,6,3,5,6,4,2,6,4,5,3,4
536,263.7,15.45,1,4,7,4,3,2,4,4,0,2,6,5,3,6,5,7,6,4,6,5,3,4,3,4,4
537,250.69,18.19,7,5,2,6,5,7,6,5,3,4,5,6,3,3,5,2,4,4,5,6,4,5,5,0,2
538,266.44,2.38,4,3,5,6,3,5,5,4,3,5,4,3,5,3,8,4,7,5,4,4,6,5,4,6,5
539,240.59,3.29,5,5,4,5,4,5,3,4,2,3,5,6,1,3,4,7,5,6,2,6,6,6,4,3,7
540,280.24,15.54,6,5,5,5,4,7,5,6,5,4,4,5,4,4,2,3,5,5,5,5,2,7,6,3,4
541,289.1,14.47,2,2,3,3,5,7,5,6,3,5,3,4,2,5,4,6,5,4,5,2,3,4,3,4,1
542,270.55,3.86,4,3,7,1,4,4,3,6,5,3,6,2,4,5,6,4,4,3,3,4,5,5,2,3,3
543,266.6,38.65,4,2,5,3,4,5,2,6,4,2,7,6,4,5,3,4,1,1,4,4,2,5,5,6,6
544,263.04,13.75,6,6,4,5,4,5,4,4,5,1,4,7,4,6,2,3,6,2,5,4,2,6,5,3,4
545,267.98,14.93,6,4,6,4,4,6,4,5,3,6,4,3,2,4,2,6,5,5,4,3,2,5,3,4,4
546,262.55,28.3,5,2,7,3,4,3,4,3,4,3,5,4,7,7,3,3,4,1,3,3,3,4,4,4,5
547,289.02,50.73,3,5,5,2,2,5,6,4,6,4,4,2,3,5,3,5,5,2,5,4,5,5,3,5,4
548,282.63,40.17,6,6,4,2,6,2,4,4,5,3,4,5,2,6,4,4,5,6,2,4,2,5,1,2,2
549,271.23,5.9,4,4,6,5,5,3,6,5,6,6,5,5,6,6,4,6,2,2,4,5,4,6,3,3,6
550,251.99,20.44,3,4,4,6,3,1,1,6,6,5,5,5,4,3,1,4,5,8,4,4,5,7,5,2,3
551,251.04,9.03,4,5,4,7,6,3,4,6,4,5,3,5,5,7,6,4,5,4,4,5,5,6,7,3,3
552,273.88,7.03,4,1,4,8,1,5,3,5,5,6,1,6,1,4,5,3,6,8,3,4,2,5,4,6,5
553,272.62,4.62,3,5,4,5,4,4,2,2,3,5,3,5,2,5,6,6,2,7,6,1,4,7,8,5,2
554,269.84,13.35,2,6,0,5,4,6,4,4,5,5,3,5,4,9,6,4,4,4,2,4,6,5,4,4,4
555,261.73,24.42,3,6,4,4,5,2,6,4,2,5,2,5,2,4,2,2,4,5,2,2,4,4,3,5,5
556,277.28,35.08,2,5,3,3,5,5,3,6,4,3,2,4,2,6,3,4,4,5,2,2,7,6,4,7,2
557,251.69,1.23,2,4,4,5,2,3,4,2,6,5,4,3,4,4,6,4,8,1,3,4,2,3,5,4,4
558,248.29,5.86,2,3,4,7,7,4,6,4,2,2,3,5,4,5,3,2,6,4,2,5,3,7,2,4,5
559,257.33,18.44,6,5,5,2,5,6,7,3,4,4,4,6,4,5,6,4,5,2,6,8,4,5,3,3,4
560,257.49,7.51,6,6,7,2,6,5,5,4,4,4,3,4,3,5,4,5,4,3,6,3,5,3,3,8,4
561,274.63,25.68,4,7,8,4,3,5,5,2,4,4,1,8,2,5,3,5,3,5,3,4,6,4,4,4,5
562,251.71,19.37,4,4,5,2,6,2,4,4,5,6,2,6,2,7,2,1,7,6,3,3,3,6,7,4,6
563,283.15,12.11,4,5,5,5,6,8,0,4,3,5,5,5,3,4,4,5,6,3,3,4,6,6,6,5,4
564,255.68,0.87,6,8,5,4,7,3,3,1,4,7,3,4,5,6,5,3,4,5,1,3,6,4,4,7,3
565,284.82,16.89,4,6,3,5,5,6,6,3,2,7,2,3,6,3,3,3,4,5,4,5,5,6,4,3,5
566,249.97,4.58,5,3,4,3,5,6,2,4,4,2,4,2,2,6,4,3,4,4,6,1,3,3,3,5,4
567,259.81,7.35,8,3,4,4,2,4,4,4,7,4,6,3,4,3,4,3,2,3,3,5,5,0,2,4,4
568,284.8,32.58,3,2,2,3,6,4,4,7,4,4,4,3,2,5,4,3,3,5,2,7,4,4,4,4,4
569,265.21,25.12,2,5,5,2,3,6,5,4,4,4,1,5,4,4,4,4,3,3,3,4,4,3,3,5,1
570,269.91,0.2,3,6,4,5,5,4,2,3,5,1,4,4,3,7,3,3,6,4,4,4,3,2,7,4,4
571,280.6,17.68,6,6,3,2,6,5,5,4,3,5,4,4,5,4,4,4,4,2,4,4,5,5,5,5,6
572,271.26,7.29,2,4,3,5,6,2,4,8,5,9,4,4,5,3,7,5,5,6,2,5,5,3,4,4,4
573,263.99,10.3,2,1,7,6,3,2,4,3,2,5,2,7,1,6,5,3,3,6,4,5,6,2,4,3,5
574,281.97,24.86,4,3,3,4,6,6,8,9,2,5,3,4,3,6,5,3,5,3,2,3,5,5,5,4,3
575,265.45,17.64,2,5,2,7,5,7,1,5,1,3,7,7,7,4,5,3,6,3,3,4,3,4,4,6,3
576,289.36,21.12,7,4,2,2,4,4,3,4,5,5,3,5,4,4,5,7,5,3,6,5,3,2,2,2,5
577,253.48,5.65,7,4,4,4,3,5,2,7,6,5,2,4,5,4,4,6,4,5,4,4,7,4,6,5,5
578,280.09,23.84,5,2,5,4,4,6,5,4,5,2,4,6,6,2,5,5,5,6,1,5,3,5,4,6,6
579,243.82,9.44,4,3,4,6,4,7,4,4,3,4,4,5,4,3,5,6,5,5,5,3,5,6,4,4,5
580,239.16,5.79,4,0,5,1,4,3,6,5,4,4,4,5,4,4,7,5,4,5,5,5,5,1,2,5,4
581,273.88,38.59,4,5,3,5,2,3,4,8,2,6,4,2,5,4,3,1,5,2,4,4,5,3,6,6,2
582,274.85,15.93,2,4,6,2,7,5,3,7,4,4,5,3,4,4,5,4,5,6,4,5,2,5,3,3,4
583,267.16,16.99,6,3,6,4,5,6,4,7,6,3,4,3,6,5,4,5,3,3,3,1,4,4,5,4,4
584,267.79,6.36,6,4,1,4,4,1,4,5,5,4,5,4,2,7,2,6,2,3,5,7,4,6,4,4,3
585,263.19,17.54,5,5,4,5,5,4,7,3,4,6,6,6,4,2,5,4,3,3,8,2,2,6,3,5,7
586,272.77,24.53,3,4,4,5,6,7,5,5,2,5,4,5,5,3,5,4,6,5,5,5,5,6,7,6,6
587,284.99,24.78,2,5,3,3,4,4,5,4,5,4,4,5,5,4,3,2,3,3,1,3,4,3,7,4,6
588,260.38,8.11,4,4,4,5,4,4,4,4,5,5,4,2,5,3,4,5,5,7,3,5,2,4,3,6,3
589,282.51,26.63,2,5,3,3,3,3,4,7,3,2,7,4,5,2,3,3,5,4,5,4,4,2,2,4,4
590,256.23,2.77,5,6,4,4,5,5,3,2,4,4,2,5,5,3,1,6,4,5,5,9,3,5,2,4,6
591,282.53,9.73,0,4,5,1,5,4,3,6,2,5,4,8,3,4,6,4,2,6,7,5,3,4,3,5,3
592,282.83,52.05,3,6,1,6,5,3,4,7,4,6,3,3,2,4,4,7,4,4,6,5,6,5,3,6,5
593,276.82,29.93,3,5,3,3,1,5,5,2,3,4,4,4,3,5,4,5,5,6,5,5,3,3,4,2,5
594,280.29,27.41,5,7,4,5,4,4,4,7,4,5,4,6,4,5,3,6,3,6,3,5,4,5,3,2,5
595,273.22,3.31,3,5,3,6,3,5,5,2,5,4,3,5,0,5,5,5,3,6,5,4,7,4,6,3,6
596,270.77,20.46,5,4,4,3,3,5,3,4,3,3,5,4,1,3,6,2,6,3,4,5,3,5,6,6,1
597,266.71,27.62,5,3,2,6,7,3,3,3,4,4,3,4,6,5,6,3,4,5,3,5,5,3,3,6,5
598,283.42,44.67,3,6,3,4,4,3,6,4,3,3,6,4,4,6,4,6,2,2,4,7,6,3,4,6,6
599,276.61,20.27,4,3,3,8,5,3,3,5,4,3,5,5,5,5,6,6,5,6,4,4,4,2,5,5,7
600,284.34,16.11,4,4,5,4,3,2,5,4,5,4,4,4,4,4,5,3,5,8,4,2,6,3,3,5,4
601,271.44,28.48,6,5,9,5,4,4,2,5,3,5,6,8,3,4,3,4,5,3,3,3,3,4,4,3,3
602,260.88,14.33,7,3,2,3,3,2,5,3,2,5,3,6,7,5,4,4,6,1,5,1,3,4,4,4,5
603,271.99,31.01,7,6,3,6,2,4,0,5,2,4,3,4,4,3,5,3,5,5,5,7,3,3,6,4,5
604,258.37,8.06,6,3,3,4,1,5,5,2,5,4,7,4,0,3,4,7,5,3,5,8,3,5,3,5,7
605,272.21,13.83,3,4,5,4,6,5,4,5,6,2,4,3,4,5,4,2,4,4,3,1,2,5,3,3,5
606,279.03,19.21,6,3,5,3,5,9,2,4,4,3,2,6,3,4,4,4,5,4,6,5,2,1,5,8,3
607,264.82,4.85,5,6,4,4,6,8,5,4,5,6,5,5,5,4,5,3,5,6,3,6,4,5,5,4,6
608,280.05,34.11,6,5,7,3,5,4,3,4,4,5,4,5,4,6,3,2,5,2,7,5,4,5,3,4,2
609,265.76,13.44,5,6,3,6,4,4,3,7,5,5,4,6,3,2,3,5,5,3,5,4,4,3,3,2,6
610,269.89,11.87,6,5,2,4,3,4,7,5,4,4,6,3,4,6,3,4,3,5,5,5,4,5,5,2,5
611,253.85,12.97,5,2,6,4,2,4,3,6,5,4,5,5,3,4,4,7,5,6,1,2,3,2,2,5,4
612,275.15,23.2,3,3,2,4,6,6,3,2,4,3,3,6,4,4,5,5,4,5,7,6,4,8,5,3,3
613,259.67,17.19,6,6,4,7,4,4,3,5,4,2,5,3,5,5,6,6,3,2,2,5,4,6,5,3,4
614,267.4,13.64,4,7,3,4,5,4,5,3,7,5,5,4,6,4,4,5,5,4,2,2,3,6,4,4,5
615,265.03,29.77,7,6,2,4,5,3,3,5,4,5,6,2,5,2,2,4,5,5,5,3,5,3,5,5,5
616,270.89,36.61,6,4,5,3,4,3,4,4,4,4,6,2,6,6,3,5,8,4,3,4,5,4,2,1,8
617,285.61,29.65,7,2,5,4,6,6,5,5,4,3,4,5,1,3,4,2,5,6,5,2,4,4,4,8,1
618,260.59,9.2,1,6,4,4,5,5,6,2,3,5,3,3,5,4,4,3,4,6,6,3,5,2,5,3,3
619,274.24,19.82,2,2,7,2,5,7,7,6,3,4,5,3,4,4,5,4,6,1,7,3,3,4,4,2,8
620,282.15,14.17,4,6,5,5,5,5,0,3,5,4,2,5,3,4,3,5,1,4,4,2,4,3,4,5,4
621,274.5,15.64,3,4,4,5,5,8,2,7,3,5,5,4,5,2,5,3,6,5,3,3,2,5,4,3,2
622,265.21,10.93,4,4,3,3,6,6,4,3,6,4,5,4,4,2,5,6,4,3,5,3,6,5,3,5,6
623,277.94,21.32,3,4,5,4,3,2,4,4,5,7,3,1,3,4,4,4,5,0,4,1,2,6,2,6,4
624,260.17,0.79,4,6,5,4,4,3,4,2,6,6,5,7,4,1,5,4,1,4,2,3,5,2,1,4,4
625,269.94,22.08,7,5,4,5,7,4,2,5,7,4,4,7,2,8,3,3,4,2,5,2,7,6,5,4,5
626,266.2,9.95,4,4,3,3,3,3,3,5,4,3,6,6,3,1,4,5,3,1,5,4,3,2,3,3,5
627,270.14,0.73,3,4,7,2,4,5,5,3,3,5,6,4,7,3,3,3,2,4,3,3,7,4,4,5,2
628,270.38,15.43,2,2,5,6,4,4,4,4,4,2,5,5,4,3,3,6,5,6,2,3,2,7,5,1,4
629,277.52,4.24,7,6,1,6,5,4,4,5,5,5,2,3,2,7,7,3,5,4,4,6,3,5,5,6,5
630,259.16,10.84,5,4,2,5,4,4,4,4,6,4,2,4,3,5,4,4,2,2,1,4,2,4,6,2,6
631,286.5,28.94,2,7,5,3,4,3,4,7,6,3,5,6,6,6,4,6,5,2,4,1,8,4,3,5,5
632,267.82,1.47,6,3,1,7,5,6,4,6,5,3,3,6,4,3,5,3,4,4,3,6,5,6,3,5,2
633,266.45,14.26,5,4,5,5,6,2,1,6,4,5,5,2,4,5,3,4,7,2,2,4,6,3,5,6,3
634,248.37,9.44,3,6,4,4,4,7,5,5,3,4,3,4,5,3,3,4,4,6,3,5,4,2,3,5,2
635,276.52,20.34,4,6,4,5,4,6,3,5,1,3,3,4,7,5,2,7,4,2,3,5,5,3,4,4,5
636,263.66,17.15,5,3,5,3,2,5,3,6,3,5,3,2,4,4,2,5,5,3,4,3,2,5,4,5,4
637,271.02,20.88,4,6,6,4,5,1,5,3,5,5,2,3,3,4,1,3,4,3,5,6,4,2,5,5,3
638,263.56,4.0,4,1,4,5,5,3,0,4,6,3,4,4,3,5,0,1,4,4,4,5,5,2,6,4,6
639,254.9,11.26,4,4,5,3,5,1,4,7,5,3,6,5,4,5,5,4,5,3,2,1,4,4,2,7,4
640,279.16,27.85,3,4,4,5,2,3,6,5,5,4,3,5,5,3,1,4,7,6,6,2,8,8,4,4,2
641,275.51,9.1,4,2,3,1,2,7,4,5,5,4,5,4,3,4,3,4,4,4,7,3,4,5,5,3,2
642,268.11,12.61,5,4,2,7,4,4,6,5,5,4,6,0,6,3,2,3,1,7,6,3,5,3,6,3,5
643,281.96,11.23,3,3,4,5,6,5,6,4,6,6,2,5,6,2,5,5,2,3,3,4,5,3,3,3,5
644,263.88,25.78,5,6,4,3,4,2,5,3,4,4,5,3,7,4,5,6,6,2,6,3,5,2,2,6,4
645,266.01,4.21,5,2,4,5,4,4,2,5,3,5,3,3,2,5,4,7,6,3,3,3,4,5,4,3,6
646,251.98,11.7,1,2,5,3,7,7,6,5,3,4,3,5,5,1,5,3,3,2,4,3,4,2,3,4,3
647,265.52,19.25,4,4,3,5,5,2,4,5,3,4,3,2,5,6,4,4,5,4,4,5,4,5,2,3,7
648,289.52,41.34,4,3,6,4,4,5,3,2,3,4,3,5,3,6,6,6,7,1,2,1,3,5,3,5,1
649,275.99,11.82,5,4,6,4,1,4,3,3,3,3,7,6,5,5,5,4,4,4,6,4,4,2,7,4,3
650,261.87,15.03,5,2,2,5,5,4,6,5,4,6,6,2,4,6,6,3,4,5,5,4,6,3,6,3,6
651,267.53,1.91,0,4,4,5,6,3,3,5,2,3,3,5,6,3,4,7,2,4,8,6,4,6,5,4,5
652,259.35,16.37,3,3,3,2,7,6,5,3,6,5,1,4,4,4,5,4,5,4,2,8,5,6,3,6,2
653,264.78,7.17,6,3,3,6,6,3,2,4,6,4,3,5,5,5,5,3,4,3,2,3,4,4,4,3,5
654,271.61,14.57,6,4,4,2,4,7,8,7,3,5,2,5,7,3,6,6,4,3,5,5,6,4,8,3,4
655,280.89,0.67,4,5,5,3,1,5,6,4,5,6,2,2,5,1,4,5,6,5,5,6,6,5,5,3,4
656,247.11,9.17,6,4,6,1,2,7,2,6,4,4,2,2,3,7,3,5,8,5,3,5,5,2,3,4,3
657,266.59,11.32,4,3,2,5,3,4,6,2,5,7,4,5,4,3,4,3,3,2,4,2,4,8,4,6,7
658,264.11,22.89,0,4,6,5,3,3,3,5,4,3,5,5,6,8,4,6,1,6,6,3,5,4,5,3,3
659,268.09,20.15,6,3,6,4,4,4,4,7,4,3,6,2,5,6,6,6,7,5,1,3,4,5,3,6,6
660,270.71,21.05,2,5,6,6,4,7,4,4,3,5,3,6,4,8,4,4,4,3,7,4,2,3,5,6,3
661,274.95,14.94,3,5,5,5,5,3,2,4,4,5,5,4,6,7,6,7,1,8,5,7,4,4,5,5,4
662,258.87,1.13,6,4,6,7,2,5,4,3,3,5,3,4,2,5,3,4,5,6,7,6,8,2,3,2,6
663,276.55,14.83,5,4,2,3,5,3,1,1,3,3,4,2,2,1,3,4,4,2,3,4,3,1,6,6,5
664,265.13,13.78,5,3,5,3,1,3,4,4,6,3,3,4,4,4,7,3,5,3,2,5,4,5,4,4,4
665,280.78,42.01,7,4,4,4,5,5,1,3,3,6,5,6,4,4,3,4,4,6,4,2,6,4,3,5,4
666,257.93,13.75,7,8,4,3,3,3,2,4,3,4,5,4,5,5,7,5,3,5,4,5,3,4,7,2,4
667,263.93,3.56,6,6,7,4,2,6,4,4,3,4,6,4,5,5,5,4,4,3,5,1,6,6,6,6,4
668,280.36,8.52,5,3,5,3,3,4,3,5,3,3,4,4,1,3,5,4,4,3,5,6,3,5,4,6,6
669,261.58,8.7,4,4,3,4,6,5,5,4,1,4,3,4,2,3,6,2,5,4,4,3,2,5,6,6,3
670,274.57,25.52,3,3,4,2,2,4,5,9,3,3,5,5,3,3,3,1,5,4,2,5,3,5,3,4,4
671,252.5,10.25,5,6,3,6,7,0,4,5,5,2,6,3,2,5,7,7,3,6,7,7,3,4,6,4,1
672,264.66,9.03,5,4,5,8,4,5,5,7,2,3,4,5,5,5,1,5,6,5,2,4,4,4,4,4,5
673,263.0,19.22,7,3,3,3,6,6,5,5,3,4,3,5,3,2,6,5,3,3,4,3,5,1,3,2,4
674,272.72,20.03,6,5,5,3,3,4,6,3,7,3,3,4,4,5,5,3,4,5,3,5,4,5,4,3,5
675,244.68,7.17,4,4,2,1,3,4,5,4,2,8,4,4,1,4,2,5,5,5,7,2,6,3,4,5,5
676,280.27,13.73,5,5,6,5,3,2,6,7,5,6,2,2,5,5,6,3,3,3,7,4,3,6,3,2,3
677,263.36,8.62,5,8,4,2,7,2,2,4,4,3,3,1,4,5,2,3,1,4,7,5,1,4,6,1,3
678,258.58,13.24,1,7,1,5,3,5,4,2,4,5,4,2,3,3,5,3,6,3,2,4,6,2,5,4,4
679,270.49,26.33,6,3,5,2,3,5,5,5,5,6,4,2,4,6,7,6,7,3,5,6,3,3,3,5,5
680,280.75,23.61,6,5,4,4,5,3,8,4,2,4,3,4,3,1,4,1,3,2,9,1,3,4,4,2,6
681,254.76,3.4,6,6,2,4,5,2,5,3,3,3,4,5,4,5,2,6,5,4,5,4,4,5,3,2,3
682,261.14,18.83,5,7,4,4,4,4,6,4,5,4,2,5,5,4,6,2,1,4,6,6,4,3,6,8,4
683,261.48,15.28,5,7,4,5,3,7,2,1,6,5,4,6,6,3,6,5,1,3,2,4,5,5,3,4,3
684,264.0,24.84,4,4,3,4,3,2,5,4,4,3,4,3,6,4,4,5,4,5,4,5,4,4,4,5,5
685,257.63,5.31,5,2,3,3,6,5,3,7,2,5,6,2,4,6,3,4,7,4,5,4,5,6,4,4,3
686,271.95,7.95,7,6,4,2,4,6,2,2,7,3,5,4,4,5,4,4,4,2,5,3,4,4,4,3,2
687,278.86,43.53,5,5,4,4,2,4,3,5,1,1,3,3,3,5,2,3,2,2,3,5,3,1,4,9,2
688,274.34,25.6,5,2,5,4,6,4,6,6,5,5,2,2,3,7,5,6,3,5,5,4,3,5,3,4,3
689,254.26,12.01,4,7,8,5,4,0,3,2,5,5,2,7,3,3,4,3,4,7,2,5,2,8,4,3,5
690,277.82,21.4,4,4,4,5,7,4,2,2,2,5,5,4,3,4,5,4,6,5,4,3,2,4,5,1,4
691,277.64,21.22,5,3,3,2,3,5,5,2,5,6,5,4,5,6,6,7,3,6,5,4,4,7,4,5,2
692,249.15,16.9,6,4,6,4,6,5,6,5,5,5,3,7,5,7,6,7,4,5,5,3,3,5,5,4,6
693,252.23,11.12,6,4,3,3,3,6,4,5,2,4,3,1,2,3,1,6,4,4,3,4,4,2,2,2,4
694,278.09,13.64,3,6,2,4,5,2,6,4,2,4,2,4,7,4,4,3,5,6,5,4,3,3,2,3,4
695,274.35,28.03,5,2,6,6,3,4,5,6,5,2,4,6,3,4,2,4,5,5,3,5,3,5,2,7,6
696,261.08,9.29,4,6,5,8,5,1,5,4,7,5,5,4,5,4,1,3,5,4,3,6,3,5,5,5,0
697,286.63,36.38,5,4,1,7,4,4,4,6,6,3,5,4,5,5,6,3,4,8,6,3,6,5,6,5,5
698,270.53,19.95,6,4,3,5,5,2,8,1,6,3,2,7,2,8,5,4,3,4,5,4,6,4,5,2,2
699,252.17,8.28,4,7,3,3,5,6,5,4,1,4,8,7,6,3,4,6,4,5,2,5,5,3,7,5,5
700,257.06,1.48,5,7,5,4,6,4,1,4,3,3,6,4,4,4,5,2,4,2,6,4,2,5,4,3,1
701,272.23,8.75,6,7,5,4,5,5,6,2,5,3,3,5,5,8,6,2,3,4,6,4,6,2,0,4,6
702,267.97,22.67,3,4,6,5,3,5,4,1,3,6,2,3,4,2,5,5,3,3,4,6,4,5,5,3,6
703,266.16,20.01,6,5,4,1,2,3,1,6,2,1,6,1,6,6,5,5,4,8,6,4,4,7,4,4,8
704,261.34,22.07,4,6,2,6,3,7,2,3,8,5,4,2,5,4,4,3,6,4,5,6,4,3,3,4,2
705,242.36,10.58,4,2,3,5,5,7,5,3,6,4,1,3,3,2,4,6,4,4,7,3,3,4,3,4,5
706,253.0,16.1,5,6,5,1,3,3,7,5,5,2,5,5,7,6,3,6,5,5,5,3,4,4,3,4,7
707,273.8,25.56,3,4,3,5,5,3,5,6,2,4,2,3,2,4,2,4,4,3,3,4,4,5,4,5,4
708,278.54,32.93,3,5,4,4,5,6,5,2,5,5,4,5,4,5,4,4,4,3,4,5,3,4,5,3,5
709,283.58,20.78,5,1,1,3,4,7,6,2,2,3,5,4,7,6,5,2,3,2,4,4,3,4,4,5,7
710,259.32,0.51,3,6,4,3,4,7,5,2,7,5,4,5,6,9,3,3,1,5,5,1,3,2,7,2,2
711,279.92,23.03,4,3,2,5,6,5,5,5,5,7,2,5,1,3,3,5,5,6,5,5,6,3,4,3,4
712,260.2,13.12,5,2,3,8,3,5,7,6,2,3,5,4,3,5,1,3,5,2,1,4,4,5,3,2,3
713,252.78,9.25,6,4,3,5,3,5,3,4,5,6,6,3,6,4,5,4,3,6,4,3,4,3,2,6,6
714,289.02,26.81,3,5,6,3,3,6,4,6,6,4,5,6,3,3,1,3,6,2,2,6,4,4,2,4,4
715,286.02,28.91,6,2,3,5,2,3,6,5,6,3,5,4,5,6,4,6,4,5,8,2,6,5,5,5,4
716,265.61,28.48,6,5,3,3,3,6,2,5,5,4,1,1,4,3,2,5,5,5,2,4,5,5,3,4,6
717,276.59,14.89,4,5,6,4,3,7,2,2,4,5,5,6,1,4,4,4,6,2,4,3,4,3,2,4,4
718,260.44,1.98,5,4,4,1,5,4,3,4,3,3,6,1,6,7,3,2,4,4,7,4,4,2,5,3,5
719,275.35,21.76,4,4,5,3,6,5,5,4,2,3,1,4,7,5,2,3,5,7,5,3,8,4,4,3,5
720,267.52,15.74,3,6,6,2,5,4,3,3,4,3,3,5,2,4,5,3,4,4,3,4,4,5,6,5,3
721,275.26,12.6,5,4,1,1,5,2,4,6,3,5,5,6,4,6,5,2,6,7,4,4,6,2,7,3,6
722,280.37,12.31,6,4,5,5,4,4,4,4,2,3,5,2,4,3,5,5,5,2,2,4,4,6,4,2,6
723,270.45,9.41,4,6,4,5,4,6,5,2,1,8,4,4,1,4,3,4,5,6,2,4,2,5,5,4,2
724,276.66,13.14,1,2,4,4,2,4,5,4,6,5,5,3,4,4,2,7,4,5,6,6,6,3,2,5,1
725,272.19,5.38,3,4,5,5,5,4,3,4,6,5,5,6,2,5,4,2,2,3,4,3,6,3,3,4,4
726,279.77,19.91,1,6,5,4,4,1,3,5,4,3,1,3,5,3,7,4,4,3,5,4,4,6,5,4,6
727,248.48,4.54,7,5,3,5,6,6,6,4,4,4,5,4,5,4,6,6,4,3,2,4,6,4,4,2,4
728,261.62,7.3,6,3,6,2,4,5,7,3,6,2,6,1,6,5,4,2,4,3,2,5,5,2,4,2,4
729,284.95,12.25,5,8,3,5,5,5,6,6,6,2,4,4,7,6,5,4,8,4,4,5,3,2,3,4,4
730,277.58,26.01,5,4,4,6,4,4,3,2,5,5,3,5,3,3,6,3,1,5,4,2,6,3,5,4,2
731,257.95,21.83,3,5,5,4,6,6,3,6,5,3,4,1,4,7,5,3,2,4,2,4,4,2,4,3,2
732,279.66,25.96,5,4,5,6,4,4,4,2,3,3,6,8,3,2,2,6,5,7,3,4,3,6,5,2,6
733,244.33,2.9,4,5,3,4,6,4,3,4,5,4,3,5,6,5,7,6,4,1,7,5,7,2,5,2,4
734,264.47,13.57,3,1,2,6,6,7,4,5,3,8,6,5,6,2,7,5,6,4,3,5,2,6,6,6,4
735,283.36,31.62,1,4,4,2,4,5,6,8,4,5,5,6,5,3,6,3,3,7,3,2,6,5,1,6,7
736,273.6,10.25,4,5,6,1,1,4,4,6,3,4,4,4,5,4,2,9,6,3,4,7,3,6,6,4,5
737,252.36,20.4,2,4,4,3,6,4,5,4,6,4,5,2,5,2,4,4,7,4,5,2,6,5,2,7,3
738,266.37,10.58,6,3,7,4,5,1,4,5,5,6,3,6,4,4,6,7,6,5,6,5,6,4,2,3,4
739,288.33,19.61,6,7,5,3,4,6,6,6,3,4,5,3,4,3,3,7,4,5,4,5,3,4,6,4,3
740,264.0,18.88,3,3,3,1,4,4,2,3,6,5,6,6,6,4,3,1,4,5,4,3,5,6,5,5,2
741,271.28,8.08,5,6,6,1,5,3,7,5,3,4,3,4,5,3,4,2,5,3,5,7,7,5,4,4,4
742,277.67,18.67,4,6,5,4,4,3,5,3,2,4,6,6,5,3,5,7,3,2,4,7,9,3,4,3,5
743,269.29,30.16,5,5,7,6,2,4,3,6,5,2,2,3,3,5,4,2,4,3,7,7,3,2,4,3,5
744,252.76,2.03,4,7,2,3,3,2,3,5,5,5,5,5,4,6,5,6,1,2,8,4,3,6,4,3,3
745,180.34,31.4,5,3,5,5,5,3,4,5,5,6,4,3,7,3,6,3,4,3,4,5,1,1,3,4,7
746,153.62,36.27,6,3,4,2,3,3,5,4,6,5,5,7,3,6,5,2,6,2,4,6,5,4,6,2,5
747,214.18,21.78,3,6,3,6,7,4,5,2,6,3,4,2,6,6,5,2,4,3,3,4,2,4,2,4,1
748,196.5,41.9,6,3,5,6,4,7,6,4,6,6,5,3,3,4,4,4,3,1,4,6,4,5,6,4,5
749,175.91,28.83,6,3,5,3,2,3,5,7,8,5,5,3,3,2,5,7,1,5,7,5,3,2,3,3,5
750,144.45,22.04,4,2,3,5,5,2,5,3,6,2,6,4,5,4,5,3,6,5,3,5,4,3,5,4,7
751,193.76,51.0,4,2,0,5,4,4,3,3,4,1,2,2,6,2,3,3,5,4,3,2,1,7,4,4,5
752,215.45,19.98,3,5,3,5,5,4,2,6,5,7,5,4,5,3,3,4,3,1,4,5,3,4,2,7,7
753,188.16,33.03,5,5,6,3,5,3,1,3,7,2,2,4,6,7,7,4,3,4,5,4,8,5,2,5,7
754,250.1,35.69,4,1,2,6,6,7,6,5,3,4,5,6,5,4,5,4,5,3,4,3,3,6,2,4,4
755,177.89,33.41,4,2,6,6,4,3,6,5,2,5,3,5,5,5,4,5,5,3,3,3,8,5,3,8,6
756,201.34,0.04,5,6,6,2,1,3,3,5,2,3,3,2,5,6,4,4,3,5,5,3,2,5,5,7,4
757,165.75,41.44,2,4,4,4,1,4,5,6,4,4,8,0,5,4,5,5,5,5,4,2,3,5,7,3,3
758,151.07,32.4,5,5,5,3,2,4,4,4,2,6,6,2,4,4,4,4,5,4,6,4,3,7,6,3,4
759,183.94,8.42,5,3,4,4,6,9,5,3,6,5,3,4,6,1,3,3,8,6,5,3,3,3,3,4,3
760,165.05,11.04,3,2,5,6,4,3,6,9,4,1,8,7,3,2,6,5,3,2,4,7,2,4,3,4,6
761,185.82,17.71,7,4,4,2,4,5,6,3,5,4,4,6,3,4,3,4,3,3,3,2,7,4,7,5,4
762,165.74,10.17,7,4,7,6,5,2,3,3,3,4,3,5,4,3,2,4,4,3,4,6,5,3,1,4,7
763,210.08,4.92,4,4,3,4,4,6,7,5,5,5,3,5,6,0,4,5,6,4,5,4,3,4,4,2,3
764,238.12,34.58,7,4,1,5,7,3,4,2,4,3,3,7,8,3,1,3,5,4,7,4,3,0,6,4,5
765,218.06,38.85,3,3,6,3,5,4,6,5,5,3,7,6,2,4,4,5,3,4,4,5,4,8,4,3,5
766,199.02,15.66,4,7,3,4,3,5,4,3,6,3,3,5,5,6,1,4,2,6,7,4,6,6,6,2,4
767,160.76,15.19,4,4,6,4,4,7,3,1,1,3,4,5,3,4,2,4,3,2,1,6,3,5,3,5,1
768,163.11,20.8,5,5,3,5,7,0,4,3,4,3,3,5,4,5,7,4,3,3,6,4,4,2,4,4,7
769,206.62,33.81,5,2,2,5,7,6,3,5,4,6,6,4,2,4,5,5,2,4,5,4,3,5,6,6,4
770,219.68,36.86,5,2,2,3,4,4,3,5,4,4,5,5,6,4,3,4,4,2,4,3,5,5,4,5,4
771,242.56,46.34,2,4,5,4,1,5,5,7,6,4,2,9,2,6,4,1,3,3,4,4,4,4,3,3,5
772,174.43,13.62,5,5,4,4,2,7,6,2,5,2,3,3,2,5,5,6,2,4,7,3,6,6,3,6,2
773,223.89,37.72,4,5,4,2,1,6,8,8,7,4,3,2,5,5,3,3,7,4,4,3,5,4,2,5,4
774,209.14,35.31,3,4,5,7,3,6,8,7,4,1,7,4,3,4,6,6,4,5,5,5,2,3,5,6,3
775,175.0,10.26,4,3,6,3,6,4,3,5,2,4,4,1,2,4,6,4,4,5,4,5,3,3,4,2,4
776,208.82,36.83,7,1,5,6,4,5,7,6,2,6,0,5,4,5,6,6,7,2,2,4,6,2,5,3,6
777,195.0,30.26,3,3,3,5,5,7,5,4,3,4,4,3,3,4,4,4,4,5,4,4,3,5,4,3,2
778,146.21,4.75,4,5,3,5,6,4,3,5,2,1,6,5,8,3,3,4,6,3,1,3,4,6,4,6,5
779,131.13,15.36,2,6,5,3,4,5,2,5,4,5,3,6,4,6,3,1,3,5,5,4,4,5,2,2,2
780,184.16,22.66,5,6,3,5,4,4,5,2,5,4,5,4,4,3,4,5,6,4,3,3,4,5,2,7,3
781,211.92,39.3,3,6,6,3,0,3,3,3,5,5,7,5,6,5,3,7,5,2,5,4,4,7,7,2,6
782,208.77,61.62,2,2,6,5,3,5,3,3,4,3,4,2,4,3,4,4,7,4,4,5,6,4,4,7,5
783,193.91,27.37,4,3,4,3,4,4,8,4,4,4,4,8,3,7,6,7,4,6,2,3,2,4,4,3,4
784,184.04,7.99,5,6,4,4,4,4,5,2,4,2,6,3,5,7,6,3,8,5,5,2,4,3,5,5,8
785,184.28,44.82,3,5,5,4,7,4,4,1,4,8,5,4,5,5,4,5,3,5,2,7,3,3,4,3,6
786,179.16,16.03,5,6,4,3,4,8,3,3,4,3,2,5,4,3,3,6,0,4,4,4,4,4,1,6,5
787,198.25,51.14,4,3,6,5,2,2,2,5,2,3,5,2,4,4,4,4,2,6,6,6,3,4,5,2,3
788,233.61,44.67,5,2,7,5,2,5,5,3,2,5,4,5,1,5,6,3,5,2,4,6,5,5,3,5,4
789,183.8,2.13,5,3,1,8,3,4,4,5,3,3,4,4,4,2,8,2,5,5,2,4,5,6,5,5,3
790,198.02,38.2,3,6,2,4,5,2,3,5,5,6,2,4,1,2,4,5,2,3,4,5,2,5,4,2,3
791,198.09,47.34,2,4,4,4,4,6,5,4,5,6,7,4,5,2,4,4,3,8,6,7,3,6,4,4,6
792,190.6,42.59,4,6,2,3,6,2,2,3,4,5,3,5,4,4,4,4,6,4,6,3,3,4,7,4,3
793,201.83,28.62,3,5,6,2,2,6,5,3,7,5,4,3,4,3,4,4,5,4,1,4,5,4,3,7,2
794,183.51,8.97,5,3,5,4,3,3,4,5,3,3,5,7,6,3,5,3,5,4,4,6,4,4,5,3,5
795,162.13,36.73,5,5,4,7,4,5,4,6,6,6,3,6,6,3,5,5,1,8,3,3,6,2,6,7,5
796,190.94,37.55,4,3,4,4,5,9,4,1,3,4,4,5,3,5,7,9,1,5,5,2,4,4,4,3,5
797,167.74,22.43,5,3,4,4,4,5,3,5,6,5,2,5,2,3,5,4,3,5,6,6,2,7,6,2,3
798,234.98,34.97,3,5,4,2,5,3,5,4,5,0,7,2,0,4,4,6,6,3,7,3,5,2,2,6,5
799,161.41,21.3,3,2,5,4,4,4,4,7,4,2,4,5,6,3,6,3,7,2,4,6,3,4,4,6,5
800,191.33,29.49,3,4,4,2,6,8,7,3,3,5,5,4,5,4,5,3,4,5,4,3,2,5,4,7,7
801,165.55,26.41,2,4,5,6,4,3,3,6,5,3,6,4,4,5,7,5,3,2,4,6,4,4,4,5,2
802,202.29,29.35,3,3,3,5,7,4,2,6,4,6,3,5,7,3,5,2,5,3,6,4,4,7,5,6,5
803,184.15,53.66,2,4,2,6,4,2,4,5,5,5,6,4,7,3,4,2,2,3,4,7,4,5,5,4,3
804,206.46,38.32,6,4,5,1,4,6,6,3,2,3,6,6,5,6,1,2,6,7,5,4,3,4,3,5,6
805,230.14,58.74,2,3,4,6,3,6,3,4,3,4,3,3,3,6,5,7,3,5,4,5,4,3,3,6,5
806,204.24,36.11,4,5,2,3,4,7,3,4,3,5,5,3,4,5,5,0,4,6,2,5,4,5,4,5,5
807,206.71,47.91,2,2,3,2,5,4,5,4,2,5,5,4,3,3,3,4,3,4,3,4,5,5,4,5,5
808,212.27,28.41,2,7,4,4,4,2,6,4,3,6,2,3,6,5,4,6,4,3,5,4,3,3,3,2,2
809,186.77,26.54,3,3,4,6,2,4,7,4,3,5,4,5,3,2,8,5,4,5,3,5,4,5,5,7,2
810,213.62,46.91,5,3,2,3,5,5,3,5,3,4,3,6,6,7,7,3,6,4,4,1,2,4,5,3,4
811,196.48,32.91,3,5,3,5,2,4,3,1,3,5,5,6,4,5,3,4,4,6,2,3,5,4,3,5,7
812,190.87,16.99,5,6,4,5,5,4,4,2,4,7,5,1,5,4,4,4,7,3,6,5,2,6,2,4,4
813,212.21,17.0,7,4,5,7,5,4,4,5,2,5,4,3,6,7,5,4,6,4,4,6,5,3,6,4,5
814,143.54,5.1,3,4,4,3,8,7,3,0,5,4,4,6,5,4,3,6,5,5,3,3,3,4,2,7,4
815,163.46,41.15,2,5,3,4,4,4,5,3,7,3,5,5,6,3,4,6,3,6,4,3,5,2,4,4,5
816,204.44,11.76,2,3,3,4,5,2,4,6,3,6,5,6,5,7,6,4,2,6,3,3,5,6,1,3,5
817,184.64,37.11,4,3,4,6,1,2,7,6,5,4,2,5,4,6,3,5,5,3,6,5,4,4,7,4,2
818,183.67,6.47,6,3,3,5,4,4,5,3,5,6,3,5,5,5,2,6,5,3,2,2,4,4,3,3,5
819,193.11,27.94,2,7,3,3,5,3,7,5,7,3,3,4,2,6,3,4,6,3,5,3,8,6,3,6,4
820,162.51,16.99,3,8,4,4,3,2,7,8,2,2,3,7,7,3,4,5,6,4,5,4,4,3,8,4,3
821,134.97,4.67,5,5,5,3,2,4,4,3,3,6,3,4,9,7,6,4,5,2,5,4,3,5,1,3,4
822,173.31,41.72,1,4,5,4,3,3,7,0,5,3,3,5,3,6,2,5,3,5,2,3,3,6,6,1,3
823,182.84,35.64,4,5,3,1,3,3,2,3,3,5,4,3,6,5,3,4,4,3,5,4,3,2,4,4,4
824,194.91,36.92,4,4,2,4,7,7,7,3,5,4,6,5,3,6,3,4,6,3,3,4,6,3,4,6,5
825,182.06,20.25,3,3,2,2,6,5,3,1,6,6,3,2,5,6,6,4,4,2,1,2,6,6,5,4,3
826,199.2,38.76,4,4,4,3,3,4,4,3,5,6,3,3,5,2,4,6,4,5,6,4,5,4,4,4,5
827,206.58,28.63,5,4,4,4,7,3,4,3,3,4,4,3,4,4,7,4,5,5,7,5,4,3,6,4,3
828,181.58,22.8,6,3,3,5,4,4,2,4,3,6,2,5,8,5,6,6,6,5,3,5,3,4,5,5,4
829,173.74,10.72,3,3,3,1,6,5,4,3,5,6,6,4,6,7,6,4,4,7,4,3,4,6,5,5,3
830,194.89,12.27,8,2,6,5,4,1,4,3,6,6,6,7,4,7,5,5,3,7,3,5,5,5,3,3,6
831,169.91,5.12,6,5,4,6,4,4,6,4,3,7,3,6,5,7,5,6,2,4,5,2,6,5,3,5,2
832,178.25,14.39,5,5,4,2,4,3,5,4,4,3,4,4,6,3,4,2,3,4,4,8,5,6,6,6,5
833,182.45,19.79,3,7,5,5,5,3,3,3,7,3,6,6,7,5,5,4,6,3,3,5,4,4,3,3,5
834,219.89,49.19,4,4,5,3,6,6,6,3,4,2,4,7,3,2,6,4,2,4,2,4,5,4,6,4,5
835,186.79,11.76,7,7,7,4,0,6,5,4,4,3,1,3,4,5,3,7,4,4,1,3,3,4,4,4,1
836,223.81,39.33,4,3,2,4,4,7,5,5,6,4,4,4,4,5,4,7,3,5,4,3,4,5,6,2,6
837,186.89,7.64,3,5,4,5,5,5,2,5,5,5,5,3,2,2,2,5,2,5,5,5,4,4,5,4,4
838,245.51,60.01,5,3,3,6,2,6,3,6,2,3,4,5,4,4,3,5,4,6,2,4,4,6,5,3,4
839,202.02,13.11,4,3,5,4,4,3,4,4,4,6,2,8,4,2,2,5,4,5,5,7,2,3,3,3,5
840,207.72,16.14,3,6,7,4,4,0,8,6,6,3,3,3,4,8,4,4,4,5,2,3,5,4,6,3,5
841,195.78,26.35,6,2,3,5,3,5,4,8,3,5,3,2,5,3,2,4,5,5,3,4,3,6,2,2,4
842,188.54,26.53,1,2,3,4,4,5,5,4,4,2,5,4,5,2,1,4,5,2,6,6,3,5,6,6,4
843,229.96,25.32,1,4,4,2,4,5,5,5,3,2,6,4,6,3,1,6,3,2,6,6,5,5,3,3,4
844,203.33,52.84,3,3,6,6,5,8,4,4,0,5,3,8,5,5,5,3,3,4,5,6,3,4,4,2,3
845,130.24,19.08,2,3,5,5,4,1,3,4,4,5,3,4,4,5,2,5,5,5,6,6,4,6,4,6,6
846,169.51,26.61,3,4,6,5,4,3,2,8,6,5,4,7,2,6,5,5,6,4,3,6,5,4,4,3,3
847,199.85,26.26,6,7,6,4,5,6,5,7,5,2,6,3,2,4,2,5,6,3,3,6,3,5,5,4,5
848,155.77,6.59,1,5,4,5,6,4,6,5,6,4,5,2,7,7,4,5,3,4,4,5,5,7,3,7,6
849,220.73,57.06,4,7,5,5,3,5,4,4,2,6,6,5,6,4,4,5,4,5,6,3,5,3,3,4,4
850,170.23,20.82,1,4,3,4,4,5,4,3,4,2,2,2,2,4,2,2,3,4,6,4,5,3,8,6,3
851,164.62,27.88,6,4,5,5,6,5,2,4,3,4,3,3,5,6,6,7,3,3,4,7,3,3,1,2,4
852,240.0,46.01,5,3,3,5,3,7,5,9,3,4,1,5,3,4,5,5,6,3,2,3,3,4,4,4,4
853,179.27,31.59,5,3,7,4,8,5,4,6,4,5,5,4,6,3,5,6,4,5,4,1,5,6,5,6,4
854,161.32,20.86,4,3,5,3,6,5,4,1,3,4,4,4,4,1,4,4,3,4,2,3,6,5,5,4,4
855,163.0,11.08,2,4,5,5,4,6,5,5,3,6,4,4,3,5,4,5,6,3,4,3,2,4,6,7,2
856,225.24,28.17,2,3,5,5,5,4,2,3,3,2,5,5,3,2,5,2,5,5,2,3,3,5,3,5,7
857,245.22,58.69,6,4,5,7,5,4,8,5,4,6,4,4,6,6,3,6,3,6,5,4,3,3,1,4,5
858,203.95,37.24,7,6,5,5,6,2,4,5,5,3,3,4,5,4,8,5,2,3,7,7,3,8,5,6,4
859,218.98,40.47,7,6,6,7,5,2,6,3,5,2,4,6,3,0,3,4,4,1,3,4,3,8,4,2,4
860,198.41,31.54,7,3,8,3,6,4,5,5,6,4,5,3,6,5,6,7,4,6,3,4,3,8,6,1,6
861,183.56,10.81,6,5,0,4,3,4,5,6,6,2,4,2,6,4,7,5,6,6,5,3,2,2,6,4,5
862,228.78,45.99,2,4,4,4,4,5,6,1,2,4,1,6,6,3,6,5,3,4,3,3,3,6,6,5,5
863,184.03,35.78,5,7,3,3,5,5,7,5,5,4,7,5,6,2,5,4,4,3,3,3,5,5,7,4,4
864,131.33,13.73,3,4,4,7,5,4,6,7,3,4,5,5,5,3,2,3,4,4,4,6,7,5,4,5,6
865,196.63,40.61,6,4,7,5,3,4,6,6,4,5,5,3,4,6,4,7,4,2,7,4,3,5,4,7,5
866,192.62,6.8,2,6,8,5,6,4,5,5,5,7,3,5,5,4,3,6,6,2,2,1,5,5,4,4,4
867,186.78,10.09,7,4,3,8,4,3,2,4,7,6,5,2,3,4,4,5,8,3,3,7,7,4,1,2,4
868,176.1,34.79,4,4,5,3,4,3,5,5,5,4,5,4,5,3,3,2,4,4,7,6,4,5,8,4,5
869,247.29,62.58,4,4,4,6,1,3,2,5,1,4,3,3,6,2,4,6,5,2,4,7,5,1,3,6,6
870,203.7,25.69,2,5,6,7,3,3,3,3,3,2,5,4,6,4,6,7,7,2,3,3,5,5,7,2,4
871,199.05,31.25,3,6,4,3,4,3,5,3,4,2,7,7,2,2,5,3,1,2,2,5,5,4,6,3,2
872,141.5,15.84,4,4,2,4,6,3,5,5,8,5,2,4,3,1,4,5,4,3,5,6,5,8,5,3,1
873,204.99,20.57,4,3,4,4,4,6,4,3,5,5,4,1,6,5,6,4,5,5,3,8,6,6,4,6,6
874,149.09,53.6,4,3,2,7,7,4,5,3,2,3,5,5,5,5,6,6,5,2,5,4,4,7,4,5,5
875,203.09,42.6,5,5,3,5,4,4,4,7,7,6,5,3,5,4,8,4,3,7,1,3,4,4,2,6,3
876,264.18,49.47,4,4,4,1,3,3,7,4,3,5,3,4,5,5,5,2,2,6,6,5,2,2,5,4,4
877,155.66,22.85,2,3,4,4,4,8,3,3,5,4,4,3,4,5,4,4,5,1,4,5,4,7,7,2,3
878,203.15,37.57,7,4,6,3,7,5,4,6,2,7,3,6,4,2,1,4,4,2,6,2,4,4,5,4,1
879,210.94,40.14,5,4,6,6,6,8,2,2,4,3,3,4,4,3,2,4,6,4,7,4,4,4,2,3,5
880,188.69,35.33,2,4,3,5,7,3,4,4,4,4,5,4,5,5,4,3,3,3,3,3,5,1,2,6,3
881,151.62,28.38,5,3,5,4,3,4,4,7,5,6,5,3,5,6,3,3,5,1,4,4,7,7,5,5,4
882,210.42,11.07,7,4,3,4,5,6,3,3,5,5,5,4,5,4,7,5,3,7,4,1,4,2,5,5,6
883,220.16,24.09,5,4,6,3,5,6,4,4,6,5,7,7,2,5,3,5,4,5,3,2,4,5,3,5,6
884,158.06,2.14,3,5,2,4,4,3,5,5,3,7,5,3,5,5,2,2,6,4,3,2,3,4,1,3,5
885,133.27,1.4,4,4,5,2,4,4,6,1,0,3,4,5,4,4,2,4,6,3,5,2,6,6,2,4,5
886,191.18,28.14,7,6,2,6,3,6,0,4,5,3,2,2,4,3,7,5,8,6,6,5,5,1,6,7,4
887,165.58,15.27,4,5,3,7,5,3,5,4,4,2,4,4,2,4,2,2,4,5,4,5,1,5,4,4,3
888,222.19,23.97,4,7,2,6,4,4,3,7,4,4,3,4,4,4,5,7,2,5,3,3,4,4,3,3,3
889,194.85,32.28,8,3,4,4,2,3,5,3,4,1,6,4,5,4,3,4,6,4,4,3,4,4,3,3,5
890,194.92,40.31,4,2,4,3,4,4,3,6,4,4,5,4,6,2,3,4,3,5,7,1,4,3,2,3,7
891,175.46,16.52,3,5,4,3,5,4,4,5,3,6,3,6,3,2,4,7,7,7,6,4,4,6,6,7,5
892,193.92,39.96,8,3,6,1,7,5,2,4,5,4,4,3,3,4,1,4,3,4,3,4,2,4,6,4,2
893,211.85,45.06,4,6,2,5,4,4,6,2,4,4,5,5,5,3,5,2,6,4,5,5,3,5,5,5,2
894,168.25,27.12,5,5,5,6,3,7,4,3,3,4,3,5,6,4,3,5,4,5,8,3,3,3,5,3,2
895,206.68,2.2,4,6,3,3,4,5,5,2,4,5,6,6,7,4,4,3,6,3,2,4,3,4,2,5,4
896,166.71,41.75,5,3,3,2,5,4,5,5,7,5,2,3,3,0,2,5,9,3,5,3,6,2,4,4,4
897,226.98,73.86,5,1,2,3,2,4,2,4,7,3,2,5,3,1,6,2,1,3,2,4,6,2,4,4,6
898,226.93,29.3,4,2,3,3,5,7,5,4,4,5,5,3,4,2,6,7,3,5,7,6,3,4,0,4,4
899,225.13,20.03,6,5,1,3,4,4,7,9,6,3,1,3,4,3,7,2,4,5,6,6,3,5,5,3,3
900,213.15,32.52,5,3,4,3,4,6,2,4,5,3,5,7,5,6,4,4,4,4,7,3,2,4,7,6,6
901,201.52,44.8,3,4,4,4,7,6,7,2,6,2,5,3,5,4,5,5,4,2,3,6,7,5,4,3,4
902,173.79,29.9,3,8,4,6,3,3,4,2,2,5,4,4,3,3,4,2,5,3,3,2,4,3,5,4,5
903,218.19,39.01,4,4,6,4,6,6,4,6,6,3,4,7,3,5,3,4,5,2,4,5,2,5,5,5,6
904,183.25,38.48,7,2,4,6,4,3,7,5,6,6,3,5,4,4,4,5,4,5,6,5,4,5,4,4,6
905,221.05,47.16,7,3,5,3,2,5,3,5,4,7,4,4,7,5,4,5,4,1,5,7,0,6,5,3,4
906,205.9,25.08,4,3,5,5,6,5,1,5,6,3,5,5,3,5,4,2,4,4,5,7,2,5,2,4,4
907,166.06,26.73,7,6,5,3,5,2,6,5,4,5,3,3,1,7,5,5,3,1,6,3,4,4,5,6,5
908,168.19,33.61,6,2,6,5,4,6,3,4,4,6,6,5,3,3,4,4,5,5,2,4,4,3,5,3,7
909,200.66,21.14,5,4,4,3,4,5,5,4,4,5,5,4,5,4,4,3,3,6,4,2,5,4,2,3,7
910,163.3,15.69,3,1,5,3,1,4,6,4,2,3,6,4,1,4,4,2,4,3,2,2,4,4,4,3,3
911,186.51,6.5,3,7,3,5,5,3,6,3,6,6,4,4,5,7,5,5,4,4,2,7,5,3,3,3,5
912,162.39,21.26,5,5,5,7,4,2,6,3,3,3,5,7,3,4,2,3,3,7,5,7,2,6,6,5,4
913,229.66,49.64,3,5,3,4,4,2,6,5,5,4,5,5,3,2,3,3,5,3,6,4,5,1,5,7,5
914,245.27,45.32,5,4,2,4,4,4,4,5,5,4,4,3,4,6,6,4,1,4,4,3,2,5,3,4,5
915,185.19,42.04,7,3,2,2,1,6,7,3,3,4,2,2,3,5,4,4,5,3,4,4,4,4,2,5,6
916,217.73,22.99,6,5,3,5,2,5,4,4,2,2,3,1,5,4,3,3,3,4,3,2,5,3,5,5,5
917,237.73,66.91,4,3,3,3,5,3,6,5,5,2,3,6,2,4,3,7,5,3,4,6,5,6,2,3,3
918,230.46,28.22,8,4,7,3,6,3,3,5,5,3,3,4,2,2,4,5,3,5,8,4,4,6,6,4,6
919,216.64,7.17,4,6,5,7,4,3,4,4,5,5,7,5,3,4,7,5,1,4,6,5,6,7,6,5,6
920,158.42,10.45,3,1,2,6,5,5,2,6,4,3,6,3,5,6,2,5,5,3,5,4,3,5,4,0,5
921,271.91,20.84,6,5,3,6,5,4,5,4,5,3,6,5,5,7,5,6,5,4,4,5,4,4,4,4,6
922,234.48,64.17,4,4,4,4,5,4,5,3,3,3,2,9,4,4,4,5,3,6,6,5,4,5,3,3,3
923,182.28,32.28,4,3,7,5,1,5,4,3,5,6,4,6,7,3,3,3,3,3,6,5,3,6,6,4,3
924,224.17,48.0,5,6,3,4,4,2,2,8,5,5,2,0,3,5,3,6,6,4,2,6,4,5,2,5,4
925,243.01,51.54,4,4,5,5,4,4,7,7,2,2,3,6,6,8,3,4,5,8,2,5,5,5,4,5,6
926,266.95,59.21,5,6,6,2,5,2,4,4,3,3,3,7,4,5,7,6,3,3,5,5,4,5,4,5,5
927,267.69,53.23,6,2,3,4,5,3,5,3,5,1,3,3,5,3,4,7,3,3,7,3,7,5,6,5,5
928,252.62,38.26,6,3,5,1,2,4,3,4,4,6,1,5,5,4,6,4,4,4,3,4,5,4,4,3,4
929,246.23,63.85,5,7,7,4,3,6,1,3,4,4,5,3,5,3,4,3,1,3,2,3,7,2,3,5,3
930,255.65,53.98,3,4,6,3,6,8,5,4,5,8,3,5,2,2,4,6,2,3,7,6,4,6,5,5,4
931,254.53,54.65,4,7,3,6,4,2,3,2,5,3,3,5,3,2,4,3,4,5,4,5,5,5,4,4,4
932,250.66,63.52,2,7,8,3,5,3,4,2,5,4,4,4,4,2,3,7,2,5,4,6,3,5,4,7,5
933,250.28,71.24,6,5,3,5,5,5,4,4,2,6,3,3,6,3,2,3,6,3,4,7,2,7,5,3,3
934,240.88,57.42,4,2,6,5,6,4,4,3,4,1,2,3,3,4,5,1,6,6,4,4,7,5,5,6,6
935,249.13,55.92,5,4,5,3,6,5,6,3,3,4,3,3,4,3,4,6,4,2,5,3,7,2,3,2,6
936,263.48,48.32,3,5,3,3,4,4,5,6,4,4,4,2,3,5,3,5,3,6,5,7,2,5,7,4,6
937,262.65,63.47,4,5,3,2,3,4,4,3,4,0,3,4,4,1,4,5,5,4,7,4,1,5,5,4,5
938,253.3,59.7,5,5,4,5,3,6,4,5,4,1,3,3,3,7,2,2,7,4,3,6,6,6,6,7,4
939,244.27,58.53,4,4,5,1,4,3,3,4,4,4,4,5,5,2,2,5,4,6,3,4,5,4,4,5,5
940,255.23,49.71,4,2,2,7,4,6,3,2,4,5,6,4,8,3,6,4,3,7,3,5,5,2,3,6,6
941,258.49,50.0,2,5,6,6,4,5,4,5,4,4,4,6,6,7,3,3,4,1,2,4,4,5,4,4,5
942,250.56,49.86,3,3,7,7,4,4,5,2,3,6,6,1,6,2,2,6,7,4,5,10,3,4,6,6,4
943,256.28,52.2,4,4,6,3,5,4,6,4,6,6,5,2,4,7,2,4,4,2,4,7,4,4,6,4,8
944,249.39,51.99,4,3,5,5,5,3,7,4,7,7,2,3,2,2,3,7,4,4,6,3,3,7,1,3,2
945,264.01,51.71,7,2,5,5,6,5,2,5,7,2,5,3,4,2,5,6,3,1,7,1,3,2,1,7,3
946,264.89,57.75,5,5,0,3,4,5,4,8,5,5,5,2,7,4,5,5,3,5,4,4,6,3,4,2,4
947,257.76,51.42,6,5,3,4,7,5,6,1,4,4,5,2,5,5,3,6,5,1,3,5,2,2,5,4,4
948,242.88,59.47,6,5,6,5,3,5,2,6,4,2,3,7,6,3,2,3,4,5,4,3,4,1,5,5,5
949,257.5,51.67,4,3,4,6,4,4,3,9,6,3,1,2,5,2,3,3,4,4,3,6,3,4,5,4,6
950,264.47,64.48,3,2,7,5,7,6,6,6,3,6,2,4,2,4,6,6,4,4,5,4,6,4,5,3,3
951,249.28,59.78,6,6,3,3,3,5,5,9,3,1,3,2,6,5,4,3,5,3,5,7,5,8,4,1,6
952,253.04,60.54,5,7,2,3,5,7,5,3,4,4,5,5,3,4,6,7,5,4,3,4,7,5,2,0,5
953,242.84,51.55,4,3,6,5,4,3,3,4,3,7,3,3,6,3,5,7,5,7,3,5,4,7,2,6,5
954,243.96,61.26,3,5,5,3,6,6,4,3,5,5,4,1,2,7,4,4,6,3,5,5,6,3,2,4,6
955,246.11,52.69,3,5,6,2,4,4,5,5,7,4,5,5,6,3,2,5,4,4,4,3,4,6,5,5,3
956,242.98,57.49,2,3,5,3,4,8,4,3,5,2,5,6,4,6,4,4,4,5,4,2,6,6,3,6,3
957,234.92,46.75,4,2,2,2,2,3,3,5,5,5,5,5,4,6,3,3,5,5,5,3,3,6,4,5,5
958,262.71,45.76,5,4,2,5,2,3,2,3,6,5,6,3,4,3,5,4,5,6,5,4,5,4,3,4,3
959,242.23,53.41,4,5,3,5,1,4,3,6,4,6,5,4,3,5,2,2,2,8,3,3,5,6,2,2,5
960,264.76,68.32,4,2,2,3,5,5,5,4,5,6,4,2,6,5,6,4,4,5,4,4,5,5,1,6,5
961,248.08,61.91,5,3,5,5,4,2,5,2,6,4,5,5,3,2,3,4,5,3,6,2,3,4,3,3,4
962,248.33,50.17,5,5,3,7,4,6,3,1,4,7,4,2,7,7,3,5,5,6,2,5,1,3,4,6,3
963,248.01,55.82,2,3,2,6,6,3,3,2,5,6,3,4,3,5,7,4,4,3,3,4,3,4,3,6,5
964,263.19,41.8,4,4,5,2,4,3,1,2,7,3,2,5,5,4,4,4,5,4,4,5,5,6,1,7,6
965,266.0,42.43,5,5,4,6,2,2,6,5,5,6,6,6,3,4,4,2,3,3,3,5,5,4,3,1,2
966,267.89,61.2,5,2,6,5,7,1,4,2,1,2,4,5,4,4,3,3,7,6,3,2,6,3,5,4,3
967,240.91,56.06,7,3,7,1,5,3,4,4,4,5,3,6,5,6,3,1,5,5,4,4,5,7,5,7,6
968,245.38,52.67,5,4,1,4,5,4,3,2,4,5,4,2,5,4,2,6,3,7,2,3,5,4,4,3,4
969,250.5,67.32,3,4,4,4,4,8,5,4,3,4,8,4,5,4,8,2,5,1,3,6,2,3,7,4,8
970,255.89,64.94,3,2,2,4,5,4,2,3,1,3,3,3,4,5,4,4,4,3,6,2,3,6,3,4,6
971,255.06,48.24,4,5,5,5,5,5,6,7,4,4,3,3,2,5,4,3,1,6,1,5,4,3,4,7,2
972,257.9,53.29,5,5,6,2,3,4,3,5,4,7,7,6,3,6,6,5,3,4,4,6,5,4,4,3,2
973,258.27,61.33,6,1,5,4,5,2,6,6,5,6,2,3,2,2,2,7,4,3,3,4,3,2,6,5,4
974,247.44,67.74,5,3,2,4,5,6,6,7,5,2,2,3,4,7,1,3,5,2,2,6,2,3,5,6,4
975,246.11,47.28,4,3,5,9,3,6,4,7,6,5,5,5,5,4,4,4,5,5,3,4,7,4,3,6,4
976,258.31,43.73,6,4,3,8,4,2,6,4,5,4,6,4,5,4,3,3,2,6,5,7,3,7,1,1,6
977,252.06,60.25,5,6,5,5,4,6,6,6,6,4,6,4,4,7,4,5,3,4,1,4,5,5,6,3,4
978,241.11,55.33,3,4,4,4,6,5,5,7,5,2,3,3,5,4,7,3,5,4,5,8,4,5,4,2,4
979,248.48,60.21,4,4,4,7,4,4,4,3,4,3,2,6,2,8,3,5,4,5,6,2,6,2,4,2,4
980,246.26,52.38,3,8,4,2,3,5,1,4,3,8,2,3,3,6,6,3,5,6,7,4,7,3,1,2,4
981,266.55,37.11,5,4,1,3,3,3,6,8,6,3,4,4,2,6,6,5,6,2,5,3,5,6,4,3,4
982,257.87,66.06,5,3,5,5,4,2,3,3,6,6,2,2,4,4,3,2,3,3,6,5,7,5,4,2,5
983,257.21,62.13,3,4,4,6,4,2,6,6,4,5,1,7,1,5,3,6,4,5,1,0,3,5,5,5,6
984,261.06,51.57,3,4,6,3,3,6,4,4,4,5,7,6,5,1,2,7,7,4,3,3,4,4,8,6,3
985,261.52,54.84,5,5,7,3,4,4,3,3,5,4,3,5,4,2,3,4,3,6,3,4,3,6,4,6,4
986,258.36,54.13,4,2,3,3,7,3,3,4,5,3,5,8,1,3,5,3,5,6,4,4,5,8,2,3,4
987,236.63,62.01,5,6,4,6,2,5,4,6,4,3,5,4,1,6,4,3,2,6,5,2,3,5,3,5,6
988,253.47,45.72,4,5,4,5,3,7,6,5,4,6,4,4,3,6,4,4,2,2,1,1,4,4,5,3,3
989,258.3,39.65,6,2,3,5,4,5,5,6,5,5,4,7,4,3,4,3,5,5,3,6,2,7,6,6,4
990,253.05,53.26,3,6,5,6,3,6,7,5,2,6,4,4,5,3,8,3,5,3,3,4,6,5,3,5,3
991,255.53,56.07,4,6,6,7,4,3,5,4,9,4,6,7,6,5,8,4,4,3,4,5,4,6,1,2,3
992,253.39,55.18,2,2,4,6,5,7,2,6,2,3,3,5,6,3,7,5,4,3,3,7,5,2,2,4,5
993,259.83,54.29,5,3,5,5,4,6,5,3,6,3,5,5,3,4,6,4,2,4,0,4,5,6,5,3,4
994,250.99,62.22,4,2,3,3,6,6,2,4,4,3,4,5,3,4,2,5,7,5,6,4,2,3,3,5,3
995,249.06,71.59,4,5,4,5,3,5,5,3,3,3,2,3,4,6,3,4,5,5,5,3,3,5,3,6,6
996,264.94,52.57,2,2,2,5,5,4,3,5,5,2,4,4,5,4,5,5,3,7,3,3,2,7,4,2,1
997,252.81,63.94,4,4,3,3,5,4,3,4,3,5,3,3,4,4,7,5,6,3,3,5,6,4,4,5,6
998,247.41,55.58,7,5,7,4,6,7,3,5,5,3,6,6,3,5,6,3,4,5,5,7,3,5,6,3,5
999,265.1,47.78,6,3,4,3,4,8,6,3,6,6,5,6,4,7,3,8,4,5,7,4,4,5,6,1,1
1000,248.68,67.05,7,7,1,5,8,8,4,6,3,4,3,5,3,3,9,3,3,5,4,5,3,7,3,7,3
1001,263.06,70.55,4,2,3,6,0,4,4,7,4,6,3,4,5,2,3,3,7,3,4,1,4,3,4,8,6
1002,248.25,43.93,4,4,4,5,4,4,4,7,5,8,4,6,4,2,2,4,4,3,1,4,2,4,6,4,3
1003,258.91,52.4,4,4,5,5,5,6,6,7,4,5,5,4,3,5,1,6,6,6,2,6,4,4,3,6,4
1004,257.01,56.94,3,4,2,3,4,4,4,4,4,3,4,4,4,3,3,4,5,3,4,1,5,4,5,2,2
1005,250.24,91.41,2,6,6,4,3,3,4,4,5,7,5,5,3,2,5,4,4,1,4,2,4,4,6,2,7
1006,189.26,74.06,3,5,5,3,5,6,3,3,6,3,4,5,6,6,5,5,4,2,6,5,6,5,2,4,4
1007,215.75,113.52,3,5,1,3,5,5,5,3,3,4,4,4,8,4,5,5,5,4,3,2,2,7,1,3,5
1008,240.77,98.39,4,6,4,5,4,6,5,6,3,6,3,2,5,3,3,2,4,6,4,4,4,5,3,3,2
1009,231.25,104.95,5,5,5,2,6,4,4,6,6,5,5,5,3,5,5,3,5,7,4,3,3,4,2,2,4
1010,229.3,111.05,7,1,5,6,6,4,4,5,1,6,6,6,4,3,4,5,5,4,2,5,3,2,2,2,1
1011,219.83,104.17,5,4,4,3,5,4,2,7,5,3,2,3,5,5,1,2,5,6,4,4,4,2,2,4,3
1012,244.49,112.97,5,2,2,6,1,6,4,3,3,6,6,4,3,4,7,2,6,3,5,7,3,3,3,5,4
1013,257.74,127.98,4,4,3,5,5,5,4,8,5,5,4,8,5,2,3,2,7,5,1,4,0,3,5,4,2
1014,255.61,138.71,5,4,5,6,5,4,5,4,4,5,5,3,4,2,6,5,1,4,3,2,5,5,4,5,4
1015,206.01,101.77,3,4,2,2,3,5,8,3,6,3,6,8,3,6,4,0,4,2,3,4,3,3,4,6,4
1016,202.55,105.05,4,3,4,6,6,4,3,2,4,6,4,7,5,5,4,4,3,5,4,5,6,7,6,5,5
1017,273.32,110.71,6,3,2,2,3,5,5,2,6,5,4,5,7,4,4,6,5,3,4,4,4,5,6,4,5
1018,262.85,116.75,6,4,5,4,3,3,5,5,6,4,3,6,4,2,3,1,5,3,7,5,3,6,5,4,4
1019,219.85,105.39,2,2,3,8,5,3,4,6,6,4,4,3,5,2,4,5,6,2,5,5,4,7,6,3,4
1020,208.92,101.17,3,5,5,3,6,3,6,5,3,4,3,4,2,5,5,4,5,5,4,1,4,5,4,6,6
1021,231.78,109.01,4,1,4,4,5,3,5,1,6,2,4,1,8,4,4,3,2,5,5,1,4,3,4,3,4
1022,217.03,114.24,4,1,2,4,4,5,0,5,5,6,2,5,2,3,5,6,3,2,3,4,3,4,5,2,3
1023,214.39,112.11,5,3,4,7,4,4,5,3,5,5,3,4,4,4,7,6,4,3,3,4,5,2,5,3,8
1024,244.63,97.95,5,4,6,5,5,4,4,6,3,3,2,3,2,2,4,6,5,4,3,6,6,2,3,6,6
1025,210.86,109.0,4,7,4,5,2,6,5,5,5,3,1,2,2,4,3,7,3,3,5,3,8,2,3,4,5
1026,244.09,136.1,4,3,3,8,4,5,3,4,5,5,3,4,4,1,3,6,3,5,5,2,2,6,2,3,6
1027,282.82,121.13,6,3,4,2,4,3,7,5,6,5,2,4,3,5,4,3,2,5,3,4,5,6,4,4,3
1028,194.48,92.94,5,4,3,2,6,8,3,5,5,4,5,5,5,2,4,3,5,3,5,5,5,2,7,3,1
1029,265.56,99.64,2,4,7,5,4,3,6,3,7,5,6,5,5,3,5,3,6,4,7,4,2,3,4,3,3
1030,252.81,103.29,5,6,2,5,5,4,1,5,5,3,5,4,4,3,6,7,6,2,3,3,3,3,3,3,8
1031,213.26,99.51,4,6,4,2,1,5,3,7,3,4,3,5,3,6,4,2,5,4,6,3,3,2,4,3,3
1032,233.34,131.57,3,5,2,3,5,7,4,4,6,4,3,5,4,5,6,4,4,6,7,5,3,2,5,3,7
1033,188.22,103.65,5,4,3,4,6,2,3,5,4,5,4,3,3,4,5,5,6,3,5,4,5,5,6,6,5
1034,237.27,110.62,4,4,4,6,4,3,3,7,0,5,2,2,3,6,2,4,4,3,5,3,2,5,4,4,5
1035,232.44,104.08,3,2,4,6,3,4,5,3,4,4,4,2,7,3,3,6,5,5,5,4,6,6,5,8,4
1036,229.51,105.31,3,3,4,5,5,4,4,5,5,4,4,3,4,4,2,4,6,4,6,3,5,2,4,5,2
1037,224.15,116.71,5,7,3,4,5,5,4,4,5,3,4,4,5,3,2,4,4,2,5,5,7,6,5,3,5
1038,222.78,132.05,5,6,2,6,3,2,6,5,3,6,3,2,5,5,4,4,4,5,4,4,6,6,2,2,7
1039,256.0,128.73,4,4,5,2,4,5,4,4,5,3,6,7,6,5,4,4,5,2,4,2,6,4,3,2,5
1040,220.92,109.65,3,6,3,3,4,5,5,5,5,5,4,5,4,5,4,3,4,1,4,4,0,2,4,2,8
1041,230.07,114.57,3,3,5,6,4,4,3,3,3,5,3,6,4,2,3,3,3,4,5,2,4,4,3,6,2
1042,258.08,109.02,4,6,5,1,5,5,6,7,3,5,5,6,5,5,4,7,2,6,5,6,3,2,6,4,3
1043,227.41,116.56,4,4,3,4,5,6,0,6,1,3,6,5,3,6,4,5,5,5,4,6,6,6,5,7,4
1044,120.32,105.81,6,5,6,5,4,4,5,1,5,7,5,4,7,3,6,3,7,5,5,3,3,6,4,3,3
1045,154.03,97.08,7,4,5,3,4,5,1,4,4,2,4,5,3,5,5,4,4,5,3,4,3,3,6,6,5
1046,154.62,40.73,4,2,4,3,3,6,3,6,6,2,4,7,4,5,2,2,5,3,6,3,2,3,6,4,6
1047,149.39,87.92,7,4,9,4,2,3,3,5,7,4,3,7,3,3,7,2,2,4,4,2,6,4,6,5,4
1048,129.28,108.88,4,2,4,5,6,6,5,5,3,3,6,8,4,4,4,6,7,5,3,6,4,4,3,5,2
1049,156.67,76.39,3,5,4,6,3,2,5,3,3,4,3,5,5,4,3,3,1,4,4,4,3,3,4,2,1
1050,163.54,78.14,4,7,7,4,6,1,5,6,4,4,5,3,1,5,5,6,7,3,3,3,2,3,5,7,2
1051,151.78,92.83,5,5,5,1,6,4,5,3,5,4,4,4,3,1,5,4,4,4,2,4,6,4,3,3,2
1052,142.25,108.09,5,3,6,3,4,5,7,3,2,1,4,4,6,2,7,4,5,5,7,3,7,3,3,4,4
1053,130.39,114.35,4,5,4,4,2,5,3,2,4,4,5,3,3,5,4,5,3,5,4,2,4,4,3,5,5
1054,129.22,47.5,4,3,3,3,3,3,2,3,5,3,4,4,5,5,6,5,4,4,7,6,3,4,5,4,6
1055,125.22,64.62,5,4,5,3,5,5,3,3,5,4,5,2,4,3,1,4,5,3,5,5,5,3,5,5,7
1056,133.26,93.69,5,2,1,3,5,6,6,5,5,3,3,6,7,4,6,3,6,5,5,3,5,7,2,5,2
1057,144.96,68.97,4,3,5,6,5,5,5,6,5,5,6,3,1,4,5,3,6,5,3,5,6,2,5,3,8
1058,138.89,86.82,5,2,5,2,2,3,2,3,5,5,2,5,5,3,4,4,4,4,3,5,2,1,3,4,5
1059,149.25,123.07,4,4,4,5,2,3,6,1,4,7,1,3,4,5,5,4,3,6,4,2,3,7,5,4,2
1060,91.21,89.71,5,5,3,3,2,1,5,3,8,6,6,2,3,3,4,4,3,4,4,2,4,3,5,1,3
1061,134.1,114.56,6,6,3,4,2,2,3,1,5,4,6,5,6,5,5,7,6,3,5,4,4,3,7,7,3
1062,136.09,81.2,4,2,3,2,9,5,5,5,5,3,3,3,4,5,5,2,2,7,3,2,0,3,3,3,2
1063,124.14,97.24,5,3,5,6,3,5,4,1,2,4,2,3,4,1,4,2,5,2,3,5,5,8,6,3,2
1064,100.34,48.44,4,6,7,4,6,5,2,6,3,3,5,5,4,2,5,1,4,3,6,3,3,5,4,5,6
1065,89.79,43.62,6,3,2,2,3,4,5,4,4,2,4,5,4,3,5,2,5,5,7,4,4,4,3,6,4
1066,100.57,58.52,6,5,4,2,4,7,6,2,4,5,6,3,5,3,3,6,5,3,7,4,4,5,4,3,3
1067,94.32,48.32,4,6,5,4,4,5,4,3,2,5,4,2,2,3,7,5,5,4,4,2,4,5,5,2,4
1068,107.82,59.03,5,6,4,4,3,2,4,3,5,6,3,2,4,5,4,4,5,0,7,4,5,5,5,2,7
1069,93.68,39.86,6,5,6,7,4,4,6,5,1,4,5,5,5,6,3,1,3,3,2,4,6,5,3,6,4
1070,107.84,47.39,6,4,5,4,2,4,4,7,3,5,3,3,5,3,3,4,6,6,5,3,5,3,2,3,5
1071,106.17,51.6,5,4,4,4,5,2,2,6,4,6,3,3,4,2,2,3,3,2,5,2,4,4,5,7,1
1072,15.73,123.92,4,3,4,6,4,5,3,5,5,2,3,5,3,3,2,5,6,3,4,6,2,5,3,4,4
1073,30.69,121.23,3,7,5,6,4,3,3,4,4,4,5,5,4,5,5,4,7,5,4,4,5,5,4,5,4
1074,41.09,122.79,4,4,5,4,3,6,5,5,5,5,4,6,3,2,3,3,3,5,4,6,3,5,4,2,1
1075,12.09,119.41,4,2,3,2,7,6,1,5,6,7,3,6,3,4,3,4,4,4,5,4,4,5,6,5,2
1076,24.65,122.56,6,2,4,9,3,3,7,5,6,3,5,2,6,4,4,4,3,3,1,5,4,0,6,5,3
1077,21.66,123.1,5,6,5,3,5,7,0,3,4,1,8,2,3,5,4,6,5,5,5,4,3,2,3,5,2
1078,25.46,133.92,3,4,5,4,3,4,5,3,6,6,5,4,3,4,4,7,4,1,7,4,7,4,6,5,5
1079,37.55,104.91,2,4,4,4,4,3,4,5,4,5,5,3,3,5,3,4,5,5,5,6,6,6,5,4,6
